id,name,host_id,host_name,neighbourhood_group,neighbourhood,latitude,longitude,room_type,price,minimum_nights,number_of_reviews,last_review,reviews_per_month,calculated_host_listings_count,availability_365,listing_id_x,avg_price,price_std,availability_rate,listing_id_y,review_count,avg_sentiment,room_type_encoded,neighbourhood_group_encoded
1,Listing 1,8270,Host 1,Ciutat Vella,Sant Pere,41.36586051052931,2.1830703361068564,Entire home/apt,446,4,156,2026-04-10,1.8190482057046675,8,125,1,446.6172602739726,50.76525923523422,0.7068493150684931,1.0,3.0,0.6666666666666666,0,0
2,Listing 2,1860,Host 2,Eixample,El Raval,41.438087075919896,2.145828646598704,Entire home/apt,149,9,177,2025-12-18,0.9536299379544732,4,344,2,149.59019178082193,17.261658927205197,0.6958904109589041,2.0,7.0,0.8571428571428571,0,1
3,Listing 3,6390,Host 3,Eixample,Sant Pere,41.43718435277452,2.1595472275611427,Entire home/apt,80,11,97,2026-03-01,1.735311842496975,3,225,3,79.99756164383562,9.233566651301071,0.7315068493150685,3.0,4.0,0.75,0,1
4,Listing 4,6191,Host 4,Gràcia,Barri Gòtic,41.35292472830346,2.167080381075725,Private room,435,5,140,2025-07-17,2.7361876021032154,8,220,4,434.2104931506849,49.574329743692466,0.7506849315068493,4.0,5.0,0.8,1,2
5,Listing 5,6734,Host 5,Ciutat Vella,Sant Pere,41.43258167505648,2.1900891500040927,Private room,65,5,128,2000-01-01,4.958864404896247,2,210,5,64.42923287671232,7.211285261601488,0.7150684931506849,5.0,4.0,0.5,1,0
6,Listing 6,7265,Host 6,Horta-Guinardó,Sant Pere,41.36288698674735,2.1773519141544746,Private room,186,6,161,2026-04-07,3.3210085653589285,3,24,6,186.17326027397263,21.867085671620334,0.7342465753424657,6.0,2.0,0.0,1,3
7,Listing 7,1466,Host 7,Horta-Guinardó,La Barceloneta,41.38351188542592,2.2379087959821624,Entire home/apt,378,1,92,2000-01-01,0.9962297720415704,3,15,7,377.7125479452055,41.803294264295516,0.6575342465753424,7.0,4.0,0.5,0,3
8,Listing 8,5426,Host 8,Eixample,Sant Pere,41.42435082562916,2.1745445224358746,Private room,215,1,175,2025-06-18,0.2248072079577556,1,181,8,215.20276712328766,24.807450632469916,0.7013698630136986,8.0,3.0,0.3333333333333333,1,1
9,Listing 9,6578,Host 9,Ciutat Vella,Sant Pere,41.36607598960483,2.248823702223497,Entire home/apt,359,9,47,2000-01-01,0.631782406572553,6,328,9,361.55624657534247,40.9236229758132,0.7123287671232876,9.0,4.0,0.5,0,0
10,Listing 10,9322,Host 10,Eixample,Poble Sec,41.43179670241191,2.227713743661764,Shared room,489,3,176,2000-01-01,2.8127760063652367,2,128,10,487.85961643835617,57.03017022888845,0.7068493150684931,10.0,7.0,0.42857142857142855,2,1
11,Listing 11,2685,Host 11,Sants-Montjuïc,Barri Gòtic,41.43321341779578,2.1312765771536006,Private room,149,4,63,2025-07-17,3.825801644083832,1,41,11,148.31621917808218,17.590704024674434,0.6904109589041096,11.0,5.0,0.4,1,4
12,Listing 12,1769,Host 12,Eixample,La Barceloneta,41.400746773376085,2.2395892821965875,Entire home/apt,158,1,60,2025-09-05,4.702096036503734,2,335,12,156.8606301369863,18.929691962328647,0.6931506849315069,12.0,5.0,0.4,0,1
13,Listing 13,7949,Host 13,Eixample,Poble Sec,41.35063858717169,2.1174549596828216,Private room,392,9,156,2026-04-19,0.079115859984104,6,235,13,392.9051780821918,47.06933272024564,0.6712328767123288,13.0,6.0,0.16666666666666666,1,1
14,Listing 14,3433,Host 14,Horta-Guinardó,Sants,41.37870381331749,2.222617456273679,Entire home/apt,222,8,38,2026-01-31,2.613800707809349,4,359,14,221.23213698630136,24.940043881824604,0.684931506849315,14.0,6.0,0.16666666666666666,0,3
15,Listing 15,6311,Host 15,Horta-Guinardó,Barri Gòtic,41.41169269183758,2.157093494021487,Private room,286,2,127,2025-10-30,2.354336781115884,6,33,15,286.3838904109589,31.616829313075232,0.7095890410958904,15.0,1.0,1.0,1,3
16,Listing 16,6051,Host 16,Horta-Guinardó,Barri Gòtic,41.44811861780275,2.2316961480667605,Entire home/apt,211,8,87,2026-01-02,3.28027510987852,9,344,16,211.26783561643833,25.069207601221134,0.7123287671232876,16.0,5.0,1.2,0,3
17,Listing 17,7420,Host 17,Sants-Montjuïc,Sants,41.41318135270167,2.230208503516117,Entire home/apt,442,7,25,2025-11-01,2.79789427232671,8,44,17,441.4936164383562,51.435642205412826,0.7178082191780822,17.0,7.0,0.5714285714285714,0,4
18,Listing 18,2184,Host 18,Horta-Guinardó,Sant Pere,41.37598035810642,2.220888810017643,Private room,265,11,16,2000-01-01,3.435195752912403,1,133,18,264.552301369863,30.11334007932536,0.6986301369863014,18.0,7.0,0.7142857142857143,1,3
19,Listing 19,5555,Host 19,Ciutat Vella,Poble Sec,41.41340057030996,2.218504565446059,Entire home/apt,313,6,70,2025-10-21,3.290412923745952,8,20,19,313.50602739726025,36.556895117113605,0.6520547945205479,19.0,6.0,0.16666666666666666,0,0
20,Listing 20,4385,Host 20,Gràcia,El Raval,41.40399853797159,2.145701870864706,Private room,312,1,12,2025-06-17,0.585058624289731,9,121,20,314.06772602739727,36.75134908985971,0.6821917808219178,20.0,3.0,0.6666666666666666,1,2
21,Listing 21,7396,Host 21,Ciutat Vella,La Barceloneta,41.42798453951512,2.112137892457688,Entire home/apt,341,7,68,2026-03-31,3.998589568093598,6,69,21,342.14339726027396,40.41698144315539,0.6821917808219178,21.0,4.0,1.5,0,0
22,Listing 22,9666,Host 22,Ciutat Vella,El Raval,41.36069806388269,2.1604470268147744,Private room,323,10,25,2025-07-22,0.6161628785816242,5,351,22,322.40747945205476,38.58515180458969,0.7315068493150685,22.0,4.0,0.25,1,0
23,Listing 23,3558,Host 23,Horta-Guinardó,Sants,41.426102790250205,2.126028677247976,Private room,52,7,48,2000-01-01,3.4926531260456857,6,360,23,52.74997260273973,6.25451417191774,0.6931506849315069,23.0,1.0,-1.0,1,3
24,Listing 24,8849,Host 24,Gràcia,Barri Gòtic,41.404126657867614,2.204242663335369,Entire home/apt,77,13,194,2026-03-13,2.080726838203033,6,47,24,76.40876712328767,8.820907410338988,0.6712328767123288,24.0,4.0,0.5,0,2
25,Listing 25,3047,Host 25,Gràcia,Barri Gòtic,41.4462992003859,2.151914958980668,Entire home/apt,375,9,6,2025-06-05,2.5692536728829896,9,38,25,372.0254520547945,42.76107752019285,0.6904109589041096,25.0,6.0,0.6666666666666666,0,2
26,Listing 26,3747,Host 26,Gràcia,La Barceloneta,41.38418721660387,2.246341530128987,Entire home/apt,477,1,57,2025-10-19,4.516490071878553,4,286,26,474.56158904109594,56.09970393445891,0.6712328767123288,26.0,8.0,0.25,0,2
27,Listing 27,1189,Host 27,Sants-Montjuïc,Barri Gòtic,41.4132621893134,2.1961458116018,Entire home/apt,198,2,48,2025-04-27,4.449418632367433,2,9,27,197.13268493150684,23.274055484710946,0.6328767123287671,27.0,3.0,1.0,0,4
28,Listing 28,3734,Host 28,Horta-Guinardó,Barri Gòtic,41.44320281055101,2.2233720845451543,Entire home/apt,77,11,102,2000-01-01,4.089281528275148,9,29,28,77.94882191780822,8.745358925120719,0.6931506849315069,28.0,3.0,1.0,0,3
29,Listing 29,4005,Host 29,Gràcia,La Barceloneta,41.36025097279907,2.1198787009112774,Private room,359,9,52,2025-11-25,2.5507419022816165,2,243,29,361.5022739726027,41.094907829135856,0.6575342465753424,29.0,5.0,-0.2,1,2
30,Listing 30,5658,Host 30,Sants-Montjuïc,Poble Sec,41.443722848723645,2.229302172340893,Shared room,487,13,192,2025-12-24,3.6811990506691656,9,273,30,487.03794520547945,54.862453321943995,0.6794520547945205,30.0,4.0,0.5,2,4
31,Listing 31,2899,Host 31,Eixample,Poble Sec,41.418788572230085,2.238413578577009,Private room,114,9,61,2025-10-10,2.5644852775940468,2,87,31,113.18378082191781,13.35467181522961,0.6904109589041096,31.0,3.0,1.0,1,1
32,Listing 32,8734,Host 32,Eixample,La Barceloneta,41.35678370591052,2.1730592878228405,Private room,405,13,16,2025-06-01,4.348030412373888,8,243,32,404.2178904109589,45.3649947972552,0.7123287671232876,32.0,5.0,0.4,1,1
33,Listing 33,2267,Host 33,Sants-Montjuïc,Sants,41.380096356694686,2.190937940662647,Private room,70,6,170,2026-01-29,2.0138791661644992,9,328,33,70.84821917808219,8.012321648160865,0.6904109589041096,33.0,1.0,1.0,1,4
34,Listing 34,2528,Host 34,Sants-Montjuïc,Barri Gòtic,41.42081720886453,2.214721470135449,Private room,301,6,24,2026-01-05,4.851176722074384,9,14,34,302.60542465753423,34.916699697207854,0.726027397260274,34.0,3.0,0.6666666666666666,1,4
35,Listing 35,4556,Host 35,Horta-Guinardó,Barri Gòtic,41.35673506014688,2.126225794089062,Entire home/apt,284,4,130,2025-04-28,4.661613791144388,9,3,35,282.9634794520548,32.11213234323414,0.673972602739726,35.0,5.0,0.6,0,3
36,Listing 36,4890,Host 36,Horta-Guinardó,Sants,41.40821704601763,2.1753849114695165,Shared room,276,4,28,2025-05-26,3.708013097258928,2,190,36,272.5423835616438,32.99465504609371,0.6821917808219178,36.0,2.0,1.0,2,3
37,Listing 37,9838,Host 37,Eixample,Poble Sec,41.384588305695296,2.159799454165847,Private room,62,5,116,2000-01-01,1.39707942088036,4,167,37,62.69682191780822,7.049505304408314,0.6876712328767123,37.0,2.0,1.5,1,1
38,Listing 38,6393,Host 38,Gràcia,Sant Pere,41.41209155177675,2.1219560988243376,Entire home/apt,362,3,159,2025-07-23,0.658267943966292,7,8,38,368.4302739726027,42.340335027658945,0.7068493150684931,38.0,2.0,1.5,0,2
39,Listing 39,9792,Host 39,Eixample,Sant Pere,41.35457420338125,2.15513016334373,Entire home/apt,98,1,25,2026-01-29,4.273517250465988,2,108,39,99.4331506849315,11.667990951663901,0.7178082191780822,39.0,9.0,0.5555555555555556,0,1
40,Listing 40,9433,Host 40,Gràcia,Sant Pere,41.43715368061524,2.110225846407824,Entire home/apt,167,1,123,2025-12-05,0.8265114306898064,1,136,40,167.98153424657534,18.746942383720125,0.7397260273972602,40.0,4.0,1.25,0,2
41,Listing 41,8513,Host 41,Gràcia,Poble Sec,41.44734889691775,2.103871786042423,Entire home/apt,103,12,143,2025-05-30,4.271303944986679,3,153,41,104.57928767123288,11.446368157485068,0.7150684931506849,41.0,2.0,0.0,0,2
42,Listing 42,3612,Host 42,Horta-Guinardó,Poble Sec,41.446887785528574,2.1202749433732238,Private room,187,13,24,2025-12-31,2.4538250335618024,4,208,42,187.63350684931507,21.49410722408655,0.6767123287671233,42.0,8.0,0.5,1,3
43,Listing 43,8041,Host 43,Ciutat Vella,Sants,41.42496518317429,2.244467266738376,Entire home/apt,102,7,53,2026-03-25,2.032783919040521,8,271,43,102.15216438356164,11.397431823472607,0.6657534246575343,43.0,2.0,0.0,0,0
44,Listing 44,7235,Host 44,Ciutat Vella,Barri Gòtic,41.36300862401306,2.1824294303842526,Entire home/apt,93,1,155,2026-04-06,4.515953894172146,6,142,44,93.48545205479452,11.00030806891421,0.7041095890410959,44.0,7.0,-0.14285714285714285,0,0
45,Listing 45,6486,Host 45,Sants-Montjuïc,Sants,41.42582631959291,2.244873324172983,Shared room,352,1,72,2025-09-29,3.0192549127013897,2,98,45,351.39257534246576,40.877660117062604,0.736986301369863,45.0,5.0,0.8,2,4
46,Listing 46,8099,Host 46,Horta-Guinardó,Sants,41.35245869164588,2.16487468174952,Entire home/apt,102,3,119,2026-01-04,2.883070035648589,9,307,46,101.68246575342465,11.600810645796297,0.6876712328767123,46.0,5.0,1.0,0,3
47,Listing 47,1775,Host 47,Gràcia,Poble Sec,41.3522123551529,2.146772419962789,Entire home/apt,123,10,55,2025-07-06,2.793829723121988,2,68,47,122.70189041095891,14.501264552249607,0.7397260273972602,47.0,6.0,1.1666666666666667,0,2
48,Listing 48,9226,Host 48,Ciutat Vella,Sant Pere,41.38236102191495,2.1759212794260367,Entire home/apt,95,4,64,2025-11-12,1.855847580097657,5,246,48,94.95449315068493,11.331542482418689,0.7342465753424657,48.0,3.0,0.0,0,0
49,Listing 49,4152,Host 49,Gràcia,El Raval,41.39886431904047,2.1659267532949364,Private room,62,4,92,2025-08-10,3.928215517645637,4,260,49,61.98298630136986,7.041195430498374,0.7013698630136986,49.0,10.0,0.6,1,2
50,Listing 50,2585,Host 50,Ciutat Vella,Barri Gòtic,41.42704074178078,2.1158497026392618,Shared room,214,2,85,2025-05-28,1.263992220078865,7,275,50,213.13931506849318,24.194751776791787,0.7342465753424657,,0.0,0.0,2,0
51,Listing 51,4943,Host 51,Ciutat Vella,Poble Sec,41.418329537660654,2.1961239472035308,Entire home/apt,151,1,79,2025-12-08,4.694474800206375,8,78,51,150.68372602739726,17.538054631412315,0.7013698630136986,51.0,6.0,0.5,0,0
52,Listing 52,8555,Host 52,Ciutat Vella,Sant Pere,41.39459027063768,2.13240572737644,Private room,329,3,168,2000-01-01,4.469926025234804,5,145,52,327.0165753424658,37.3169791297657,0.6904109589041096,52.0,3.0,-0.3333333333333333,1,0
53,Listing 53,4073,Host 53,Horta-Guinardó,El Raval,41.377362666628166,2.1929381932346743,Entire home/apt,307,11,107,2025-07-21,1.6874016283744908,5,110,53,306.7359178082192,34.78300208599174,0.7068493150684931,53.0,5.0,1.0,0,3
54,Listing 54,2021,Host 54,Eixample,El Raval,41.449712450015774,2.197530163859723,Shared room,386,4,178,2025-06-27,3.647318849158319,2,257,54,388.56,44.693396210571926,0.6958904109589041,,0.0,0.0,2,1
55,Listing 55,4843,Host 55,Gràcia,Poble Sec,41.3926181302236,2.122803727969297,Private room,405,3,117,2025-06-28,2.866115972247957,8,92,55,407.3028219178082,47.516140080122284,0.7013698630136986,55.0,4.0,0.5,1,2
56,Listing 56,8989,Host 56,Horta-Guinardó,La Barceloneta,41.395138702432966,2.1092024440666,Private room,447,8,198,2025-12-31,1.688246509996173,2,12,56,448.01443835616436,50.49337125491263,0.7041095890410959,56.0,4.0,1.0,1,3
57,Listing 57,7873,Host 57,Horta-Guinardó,Barri Gòtic,41.36636238211917,2.217114237910266,Entire home/apt,187,10,156,2026-02-11,4.9426082399772335,6,259,57,187.88509589041095,21.34226128641721,0.7342465753424657,57.0,6.0,-0.16666666666666666,0,3
58,Listing 58,6675,Host 58,Horta-Guinardó,El Raval,41.429480954875,2.168970063565398,Shared room,212,1,82,2026-03-07,0.126186729241321,8,108,58,210.26435616438357,24.833263637604638,0.684931506849315,58.0,6.0,1.1666666666666667,2,3
59,Listing 59,1161,Host 59,Horta-Guinardó,Poble Sec,41.41936822257815,2.1087245693258216,Private room,458,2,146,2026-02-25,1.2632301531064334,6,329,59,457.96408219178085,55.0071087418352,0.673972602739726,59.0,3.0,1.3333333333333333,1,3
60,Listing 60,5297,Host 60,Horta-Guinardó,Poble Sec,41.37207696127888,2.249229947575465,Entire home/apt,436,13,193,2000-01-01,2.600370305555752,4,188,60,438.7660821917808,49.74473164709585,0.7068493150684931,,0.0,0.0,0,3
61,Listing 61,1995,Host 61,Sants-Montjuïc,Sant Pere,41.35823810456159,2.108667084149455,Private room,160,7,168,2000-01-01,2.6097650173928195,4,94,61,157.68265753424657,18.20241900074133,0.663013698630137,61.0,1.0,1.0,1,4
62,Listing 62,8629,Host 62,Gràcia,La Barceloneta,41.418049930207474,2.204255284328783,Entire home/apt,151,4,172,2025-06-21,2.944665374727821,6,104,62,151.53830136986304,17.03650604776461,0.7095890410958904,62.0,7.0,0.5714285714285714,0,2
63,Listing 63,2016,Host 63,Horta-Guinardó,Barri Gòtic,41.41545112142811,2.247551838789512,Private room,66,8,14,2000-01-01,3.758380860114596,4,7,63,66.08265753424656,7.726521814288806,0.6602739726027397,63.0,4.0,0.0,1,3
64,Listing 64,8869,Host 64,Gràcia,Sants,41.37732595269982,2.135877015632389,Entire home/apt,317,11,130,2025-08-26,3.117389152596482,8,66,64,319.5452602739726,35.26175070686139,0.7013698630136986,64.0,4.0,0.0,0,2
65,Listing 65,7439,Host 65,Sants-Montjuïc,Sant Pere,41.44508635622504,2.12133740530308,Private room,231,13,138,2025-07-13,3.001407302640185,9,190,65,232.26504109589044,26.173894674458072,0.7479452054794521,65.0,3.0,0.3333333333333333,1,4
66,Listing 66,8892,Host 66,Sants-Montjuïc,El Raval,41.365105789178095,2.1182077409133644,Entire home/apt,421,3,180,2026-04-17,0.2675723145652164,1,255,66,419.5822191780822,49.25510756419704,0.6794520547945205,66.0,6.0,-0.3333333333333333,0,4
67,Listing 67,7863,Host 67,Gràcia,El Raval,41.39323348010426,2.14549127213514,Entire home/apt,73,6,173,2026-02-23,1.882651438946492,4,8,67,72.61443835616438,8.635711092379843,0.6794520547945205,67.0,4.0,1.0,0,2
68,Listing 68,8916,Host 68,Ciutat Vella,Sant Pere,41.44436159201676,2.115156871651597,Entire home/apt,78,9,29,2025-07-22,1.16027869850578,4,116,68,78.37824657534247,8.975516342826872,0.7315068493150685,68.0,7.0,0.5714285714285714,0,0
69,Listing 69,9529,Host 69,Eixample,Poble Sec,41.39197273169261,2.20382420125412,Entire home/apt,220,1,56,2025-05-29,1.3268505580098773,2,266,69,222.04643835616437,25.264372591550323,0.6958904109589041,69.0,9.0,0.7777777777777778,0,1
70,Listing 70,1878,Host 70,Ciutat Vella,El Raval,41.41385259476641,2.109343769719509,Entire home/apt,458,1,145,2025-11-23,2.7716873717017245,6,98,70,457.9431780821918,52.987940845412,0.7315068493150685,70.0,3.0,1.0,0,0
71,Listing 71,5887,Host 71,Ciutat Vella,La Barceloneta,41.38975943979628,2.1764133192224686,Entire home/apt,277,8,178,2025-09-02,0.9975265746480422,3,297,71,277.55164383561646,30.883080150756875,0.7287671232876712,71.0,6.0,0.16666666666666666,0,0
72,Listing 72,5859,Host 72,Ciutat Vella,Barri Gòtic,41.37742152023487,2.2495045280779467,Entire home/apt,427,3,127,2000-01-01,1.4697455050844876,7,163,72,428.44989041095886,47.791461798809614,0.6876712328767123,72.0,5.0,0.2,0,0
73,Listing 73,7331,Host 73,Horta-Guinardó,La Barceloneta,41.44839776479599,2.222095540425902,Entire home/apt,237,5,47,2025-12-09,1.1854235425867006,5,140,73,236.64071232876714,27.49760593049468,0.6575342465753424,73.0,4.0,1.0,0,3
74,Listing 74,9571,Host 74,Sants-Montjuïc,El Raval,41.3909334006315,2.192282915734652,Entire home/apt,395,1,193,2026-01-21,4.742514716090974,4,267,74,394.5815068493151,45.41050775405852,0.6712328767123288,74.0,8.0,0.0,0,4
75,Listing 75,9684,Host 75,Ciutat Vella,Sants,41.43940992036792,2.145938043117992,Private room,279,5,135,2026-02-27,4.723328660855476,5,36,75,278.49780821917807,31.790490485250277,0.6904109589041096,75.0,4.0,-0.5,1,0
76,Listing 76,8208,Host 76,Sants-Montjuïc,Barri Gòtic,41.37299546058911,2.193584375443746,Entire home/apt,370,11,21,2025-11-21,3.0497077929802585,8,73,76,368.0141917808219,42.595861774915825,0.7616438356164383,76.0,6.0,0.16666666666666666,0,4
77,Listing 77,6276,Host 77,Gràcia,Barri Gòtic,41.37131047040251,2.179056219586748,Shared room,389,6,5,2025-08-06,4.622612343659499,3,72,77,384.9389041095891,44.07736690775663,0.6767123287671233,77.0,2.0,2.0,2,2
78,Listing 78,3062,Host 78,Eixample,Sant Pere,41.35311340828845,2.163912507583556,Private room,168,8,184,2026-02-03,3.9290632273418655,7,307,78,167.53558904109588,19.475338575563875,0.6876712328767123,78.0,5.0,0.6,1,1
79,Listing 79,1064,Host 79,Gràcia,Sant Pere,41.41516668253759,2.11960655651103,Private room,205,13,103,2026-01-30,2.949739414009044,6,198,79,202.13928767123286,22.72844155535415,0.7123287671232876,79.0,4.0,-0.25,1,2
80,Listing 80,9006,Host 80,Gràcia,Sants,41.38685263437238,2.23299063228607,Entire home/apt,321,3,35,2025-07-25,0.0321760574839785,1,129,80,323.37613698630133,37.47745491717781,0.7041095890410959,80.0,4.0,0.75,0,2
81,Listing 81,3568,Host 81,Horta-Guinardó,Poble Sec,41.43643582498397,2.1674676973231985,Private room,224,3,78,2025-06-20,3.86258143039702,7,245,81,224.2229589041096,26.117291533484273,0.7397260273972602,81.0,2.0,0.0,1,3
82,Listing 82,6463,Host 82,Eixample,Barri Gòtic,41.39732099066916,2.129193376773115,Entire home/apt,153,12,115,2026-04-13,3.512441707942344,7,311,82,154.97372602739728,17.4572779253266,0.7041095890410959,82.0,8.0,0.25,0,1
83,Listing 83,3027,Host 83,Gràcia,Sants,41.44681934279148,2.1551639026315934,Entire home/apt,141,11,56,2000-01-01,3.07626826641207,1,59,83,141.80547945205478,16.698997423440304,0.7123287671232876,83.0,3.0,1.3333333333333333,0,2
84,Listing 84,3695,Host 84,Gràcia,Sant Pere,41.36855255157031,2.162119462879339,Entire home/apt,235,11,48,2025-11-16,3.802121558412359,9,278,84,233.39649315068493,26.67706836740521,0.7397260273972602,84.0,7.0,-0.14285714285714285,0,2
85,Listing 85,6258,Host 85,Eixample,Sant Pere,41.43686231679556,2.224130684335031,Private room,332,10,172,2025-12-20,2.5646108238738288,6,102,85,332.445397260274,39.88615749261662,0.6876712328767123,85.0,5.0,0.4,1,1
86,Listing 86,6618,Host 86,Eixample,Barri Gòtic,41.42765968527917,2.21004215708421,Entire home/apt,230,9,81,2026-03-13,3.5204163566066957,2,295,86,228.7709315068493,26.140139825925225,0.7150684931506849,86.0,1.0,-1.0,0,1
87,Listing 87,7736,Host 87,Gràcia,La Barceloneta,41.427092184464406,2.215395734046201,Entire home/apt,219,4,65,2000-01-01,4.675860433632467,5,319,87,219.13013698630138,24.025170814657926,0.684931506849315,87.0,5.0,-0.2,0,2
88,Listing 88,1391,Host 88,Eixample,El Raval,41.43447832281169,2.101654689664297,Shared room,236,4,76,2026-03-18,1.8790250792304315,4,340,88,235.9449589041096,27.587040501627154,0.6931506849315069,88.0,4.0,0.75,2,1
89,Listing 89,6892,Host 89,Gràcia,Sant Pere,41.426102399094304,2.1624230997269644,Private room,224,12,44,2025-07-24,3.540609174503127,7,150,89,222.9158630136986,26.04745653426184,0.673972602739726,89.0,3.0,1.6666666666666667,1,2
90,Listing 90,4561,Host 90,Gràcia,Poble Sec,41.41262203216314,2.1722016227452987,Entire home/apt,271,7,78,2026-02-16,2.3784390900547936,8,156,90,273.42706849315067,30.55780308807346,0.7095890410958904,90.0,8.0,0.625,0,2
91,Listing 91,7184,Host 91,Horta-Guinardó,Poble Sec,41.36312448776824,2.1028788415234585,Entire home/apt,282,2,19,2025-07-15,3.371998259069908,1,205,91,282.2312602739726,32.5208221641385,0.7287671232876712,91.0,3.0,1.0,0,3
92,Listing 92,4099,Host 92,Ciutat Vella,Sant Pere,41.35325261794912,2.138971981311755,Private room,211,8,191,2000-01-01,3.814466677771821,5,178,92,211.15942465753426,24.592173606455567,0.7041095890410959,92.0,5.0,0.2,1,0
93,Listing 93,7278,Host 93,Gràcia,La Barceloneta,41.44208478478157,2.2140434734683203,Entire home/apt,470,6,122,2025-06-16,0.2272625021789798,3,196,93,468.0592602739726,53.95056418703749,0.7287671232876712,93.0,5.0,0.4,0,2
94,Listing 94,9392,Host 94,Sants-Montjuïc,La Barceloneta,41.41166503145208,2.12056645585935,Entire home/apt,183,3,66,2026-01-04,3.2330022197433097,1,222,94,180.66761643835613,21.474735349103028,0.6931506849315069,94.0,2.0,1.0,0,4
95,Listing 95,4104,Host 95,Ciutat Vella,Sants,41.42965372909762,2.180296519717889,Entire home/apt,440,9,82,2025-05-04,1.1337059220347228,3,88,95,438.5857808219178,50.840224008206114,0.6986301369863014,95.0,1.0,1.0,0,0
96,Listing 96,8215,Host 96,Ciutat Vella,Poble Sec,41.39815223515126,2.132280280802586,Shared room,273,5,2,2025-11-14,3.350162689037834,6,286,96,269.8122191780822,31.84056678419283,0.663013698630137,96.0,1.0,-1.0,2,0
97,Listing 97,3454,Host 97,Ciutat Vella,Sants,41.36173081889624,2.101818116196584,Private room,202,8,181,2025-05-14,2.3416509296690675,7,275,97,202.87276712328767,21.517193911044945,0.6904109589041096,97.0,6.0,-0.16666666666666666,1,0
98,Listing 98,9996,Host 98,Horta-Guinardó,Poble Sec,41.36251857922026,2.1361802186399315,Private room,82,7,63,2025-09-10,3.867763709324436,8,235,98,81.98720547945206,9.368843084427724,0.7150684931506849,98.0,6.0,1.0,1,3
99,Listing 99,3731,Host 99,Gràcia,El Raval,41.4185565287229,2.246381063236508,Private room,104,8,39,2025-09-03,0.6170040760279821,4,182,99,104.42506849315069,12.328883415490973,0.6794520547945205,99.0,4.0,0.75,1,2
100,Listing 100,9154,Host 100,Horta-Guinardó,El Raval,41.393030589489946,2.2202305667824485,Entire home/apt,491,7,58,2000-01-01,3.1316117582809757,3,208,100,490.5987397260274,57.7752479849808,0.6328767123287671,100.0,5.0,1.0,0,3
101,Listing 101,6056,Host 101,Gràcia,Barri Gòtic,41.37005247267003,2.243936496648155,Entire home/apt,56,3,182,2025-10-31,1.3923536446377616,5,129,101,55.68728767123288,6.547991935875657,0.7287671232876712,101.0,5.0,0.0,0,2
102,Listing 102,9110,Host 102,Horta-Guinardó,Sants,41.39915945467415,2.1731781065889546,Entire home/apt,293,2,61,2000-01-01,4.264909976652957,9,152,102,292.1667123287671,34.1846324662681,0.6931506849315069,102.0,3.0,0.6666666666666666,0,3
103,Listing 103,4840,Host 103,Horta-Guinardó,Sant Pere,41.35642089370752,2.1164604298016254,Entire home/apt,362,7,131,2025-06-25,4.641917528181537,6,12,103,361.5424383561644,41.23804965523656,0.7150684931506849,103.0,8.0,0.625,0,3
104,Listing 104,2028,Host 104,Sants-Montjuïc,Sants,41.40819714019144,2.182193923346054,Entire home/apt,175,3,59,2026-03-17,4.981991468395277,9,121,104,175.5627397260274,20.23173796401853,0.6712328767123288,104.0,3.0,1.0,0,4
105,Listing 105,8385,Host 105,Horta-Guinardó,Sant Pere,41.37689934044352,2.1681566001839943,Private room,61,3,115,2026-03-23,3.9800370121364166,6,358,105,60.81268493150685,7.185500733652198,0.7150684931506849,105.0,3.0,0.3333333333333333,1,3
106,Listing 106,1502,Host 106,Eixample,La Barceloneta,41.42975591006372,2.2266535624109425,Private room,65,2,74,2026-04-06,3.768670352140023,2,219,106,65.27958904109589,6.794754408218992,0.726027397260274,106.0,7.0,0.7142857142857143,1,1
107,Listing 107,7910,Host 107,Sants-Montjuïc,Sants,41.38103619589236,2.114712387117637,Private room,257,4,121,2026-03-17,1.0775037943377552,5,105,107,258.1451780821918,29.33459046184817,0.7068493150684931,107.0,5.0,0.6,1,4
108,Listing 108,7938,Host 108,Horta-Guinardó,La Barceloneta,41.39552201490818,2.173236170553267,Entire home/apt,92,8,106,2025-12-01,1.6800352949505435,9,69,108,92.6463287671233,10.401221858769839,0.7397260273972602,108.0,8.0,0.875,0,3
109,Listing 109,5488,Host 109,Ciutat Vella,El Raval,41.35116205399081,2.1225072997040977,Private room,422,12,95,2026-01-03,2.3284127088113977,8,194,109,420.2998904109589,48.1724160331561,0.7205479452054795,109.0,3.0,0.6666666666666666,1,0
110,Listing 110,1206,Host 110,Eixample,El Raval,41.35724468877946,2.148701389033509,Private room,184,1,90,2025-07-04,3.8669052389112486,7,185,110,184.60487671232877,21.895125876353205,0.7150684931506849,110.0,3.0,-0.3333333333333333,1,1
111,Listing 111,6134,Host 111,Eixample,Barri Gòtic,41.38924935564067,2.21060356160817,Entire home/apt,277,1,157,2025-12-19,4.574829325389843,1,98,111,279.2334794520548,31.370835955939086,0.7068493150684931,111.0,1.0,1.0,0,1
112,Listing 112,6977,Host 112,Eixample,Sants,41.39799388347171,2.171402719405315,Private room,160,12,129,2025-09-26,0.9456955001149232,4,81,112,160.17512328767123,18.412955851391924,0.6958904109589041,112.0,4.0,1.0,1,1
113,Listing 113,8721,Host 113,Sants-Montjuïc,La Barceloneta,41.41000205481193,2.1563832427718657,Entire home/apt,356,5,61,2000-01-01,4.611837423350514,7,74,113,356.31,41.34063493348035,0.6821917808219178,,0.0,0.0,0,4
114,Listing 114,8035,Host 114,Horta-Guinardó,Sant Pere,41.379166257870935,2.159171441785505,Entire home/apt,209,11,48,2000-01-01,3.47812326177029,7,339,114,208.2509589041096,24.272086960058846,0.7424657534246575,114.0,8.0,0.375,0,3
115,Listing 115,2484,Host 115,Horta-Guinardó,El Raval,41.41949818861266,2.168917015260898,Entire home/apt,380,5,136,2025-09-18,3.053853653425193,6,191,115,379.7185205479452,43.896606141844735,0.6986301369863014,115.0,3.0,-0.3333333333333333,0,3
116,Listing 116,8858,Host 116,Ciutat Vella,El Raval,41.43601223971892,2.2177524815755585,Entire home/apt,313,11,91,2026-03-26,0.9992063564096976,8,324,116,314.7644383561644,33.85616480173206,0.6684931506849315,116.0,3.0,0.6666666666666666,0,0
117,Listing 117,1863,Host 117,Ciutat Vella,Sant Pere,41.42798509888934,2.233812703341035,Entire home/apt,274,12,158,2025-05-27,0.2776251640457527,6,213,117,271.814,31.719400776250403,0.7150684931506849,117.0,8.0,0.125,0,0
118,Listing 118,3790,Host 118,Eixample,La Barceloneta,41.35396188253484,2.2433002029755893,Private room,266,1,123,2000-01-01,2.8423244925396998,3,314,118,262.62934246575344,29.773895484362043,0.6986301369863014,118.0,3.0,1.0,1,1
119,Listing 119,8408,Host 119,Ciutat Vella,La Barceloneta,41.39805069472578,2.218035507938294,Shared room,94,6,60,2025-10-31,3.257578416644462,4,317,119,94.50589041095891,10.538296387803301,0.7506849315068493,119.0,3.0,1.0,2,0
120,Listing 120,9755,Host 120,Sants-Montjuïc,Sants,41.36049301784182,2.147311034362202,Private room,263,1,47,2026-02-26,1.0539072467734412,3,143,120,262.4450410958904,30.943442768084385,0.684931506849315,120.0,5.0,1.0,1,4
121,Listing 121,6116,Host 121,Horta-Guinardó,Sants,41.374204501586256,2.2032202059129813,Private room,108,5,152,2026-01-15,2.782281029127282,1,215,121,107.74638356164384,12.91859338385226,0.7205479452054795,121.0,3.0,-0.3333333333333333,1,3
122,Listing 122,7019,Host 122,Eixample,Poble Sec,41.44866625932672,2.165640468608309,Entire home/apt,181,9,163,2026-02-10,4.282467013812868,5,360,122,179.17120547945206,20.985945707166632,0.6794520547945205,122.0,2.0,0.0,0,1
123,Listing 123,2757,Host 123,Ciutat Vella,Poble Sec,41.36424955429016,2.138200593306908,Private room,153,12,135,2025-12-01,4.1753297272751,1,323,123,152.51030136986301,17.649483109422953,0.684931506849315,123.0,6.0,0.5,1,0
124,Listing 124,8574,Host 124,Sants-Montjuïc,Barri Gòtic,41.399888815345136,2.2261307369138885,Entire home/apt,244,5,57,2026-03-15,4.636775902931486,1,14,124,243.84706849315066,27.37795886780593,0.6712328767123288,124.0,2.0,0.0,0,4
125,Listing 125,7374,Host 125,Sants-Montjuïc,El Raval,41.41181557343182,2.1057639523443488,Entire home/apt,462,6,100,2025-07-15,1.8294290477844024,2,216,125,464.7209589041096,52.893754003091075,0.6657534246575343,125.0,4.0,0.75,0,4
126,Listing 126,7892,Host 126,Ciutat Vella,Sants,41.420246497054414,2.2352642988203137,Entire home/apt,206,8,111,2000-01-01,1.5902478627545935,4,34,126,206.74961643835616,23.972489185826408,0.6493150684931507,126.0,4.0,0.5,0,0
127,Listing 127,2678,Host 127,Horta-Guinardó,La Barceloneta,41.4059648683487,2.16922161969371,Entire home/apt,147,11,172,2025-07-20,3.747130029904043,6,182,127,146.77827397260273,16.35484204376127,0.6958904109589041,127.0,5.0,-0.6,0,3
128,Listing 128,4242,Host 128,Ciutat Vella,Sant Pere,41.35097708474192,2.195580221521242,Entire home/apt,275,1,61,2026-03-06,2.155562025485025,8,269,128,275.48638356164383,31.258764829143278,0.7123287671232876,128.0,4.0,0.75,0,0
129,Listing 129,5636,Host 129,Eixample,La Barceloneta,41.3826461308244,2.198903088330868,Entire home/apt,461,2,38,2025-12-22,0.437743320138903,3,357,129,459.874904109589,53.665312080186915,0.6876712328767123,129.0,5.0,0.2,0,1
130,Listing 130,2059,Host 130,Ciutat Vella,El Raval,41.40177116433847,2.2342676611059806,Entire home/apt,254,9,57,2000-01-01,1.4140056533524987,1,99,130,254.85991780821917,29.373883064925316,0.6575342465753424,130.0,7.0,0.42857142857142855,0,0
131,Listing 131,7668,Host 131,Sants-Montjuïc,Poble Sec,41.358786649914485,2.195500452325081,Shared room,128,3,98,2026-01-03,2.092911427657445,3,6,131,127.97687671232876,14.890312308942192,0.6931506849315069,131.0,3.0,-0.3333333333333333,2,4
132,Listing 132,4157,Host 132,Ciutat Vella,La Barceloneta,41.38506269312092,2.192090037714009,Entire home/apt,173,6,191,2026-03-23,1.46258212738126,3,29,132,172.07567123287672,20.073433783178682,0.7287671232876712,132.0,4.0,0.0,0,0
133,Listing 133,6915,Host 133,Horta-Guinardó,Barri Gòtic,41.35332031087914,2.109997806084104,Entire home/apt,477,5,43,2000-01-01,1.661027854736608,5,304,133,477.3206575342466,55.244121198902135,0.7068493150684931,133.0,4.0,0.5,0,3
134,Listing 134,3693,Host 134,Gràcia,El Raval,41.3578578497155,2.1777612032917806,Entire home/apt,267,11,28,2000-01-01,1.4688795308719538,4,143,134,267.7550410958904,30.16075687523058,0.736986301369863,134.0,3.0,-0.3333333333333333,0,2
135,Listing 135,4627,Host 135,Ciutat Vella,Poble Sec,41.38969232762016,2.1225253501225563,Private room,53,2,58,2025-09-02,0.2074958359153972,4,110,135,52.842109589041094,6.296189078405616,0.6767123287671233,135.0,5.0,0.4,1,0
136,Listing 136,6450,Host 136,Horta-Guinardó,Sant Pere,41.36327157540431,2.210615065308223,Entire home/apt,139,7,70,2025-05-01,3.1854735041222124,9,231,136,137.74328767123288,16.52118006711008,0.7068493150684931,,0.0,0.0,0,3
137,Listing 137,2663,Host 137,Horta-Guinardó,Poble Sec,41.40675408482616,2.176833288121901,Entire home/apt,153,4,91,2025-07-12,2.9864621017673465,7,178,137,152.25753424657535,17.588153682160982,0.7095890410958904,137.0,3.0,0.6666666666666666,0,3
138,Listing 138,6592,Host 138,Sants-Montjuïc,Barri Gòtic,41.418946496913726,2.202034166881253,Entire home/apt,442,1,8,2025-08-16,3.266917492393403,4,71,138,445.24504109589043,51.932713448903165,0.6767123287671233,138.0,2.0,1.0,0,4
139,Listing 139,8392,Host 139,Horta-Guinardó,El Raval,41.43005866991091,2.1062509350903578,Entire home/apt,168,13,126,2000-01-01,0.9615494801681372,3,209,139,169.14904109589042,19.725531996362356,0.7150684931506849,139.0,2.0,2.0,0,3
140,Listing 140,2306,Host 140,Horta-Guinardó,Sant Pere,41.37001502442448,2.1127188024068704,Entire home/apt,182,4,133,2026-03-24,1.4782727080624265,6,219,140,180.45654794520547,22.04470676358245,0.7150684931506849,140.0,6.0,0.16666666666666666,0,3
141,Listing 141,7776,Host 141,Horta-Guinardó,Barri Gòtic,41.36674825822591,2.2074485082094024,Entire home/apt,361,6,156,2025-07-19,3.098079634724612,3,79,141,362.44482191780816,40.075307609323936,0.6904109589041096,141.0,3.0,-0.3333333333333333,0,3
142,Listing 142,6864,Host 142,Horta-Guinardó,Poble Sec,41.36045678403344,2.1108126503998013,Entire home/apt,145,7,185,2000-01-01,2.998137842299607,6,82,142,144.33241095890412,16.558123689155543,0.6520547945205479,,0.0,0.0,0,3
143,Listing 143,8526,Host 143,Eixample,Barri Gòtic,41.41364302495437,2.1106885091647887,Entire home/apt,483,7,144,2026-03-28,2.531651546771339,9,41,143,482.23742465753423,55.24039838948042,0.7041095890410959,143.0,5.0,1.2,0,1
144,Listing 144,9901,Host 144,Eixample,El Raval,41.42064757264869,2.1018162712852333,Entire home/apt,380,7,143,2025-08-08,1.7520662500509872,6,272,144,381.2252054794521,42.78208417871546,0.6821917808219178,144.0,6.0,1.0,0,1
145,Listing 145,6575,Host 145,Sants-Montjuïc,Sants,41.35315861448257,2.243475209744922,Private room,192,3,130,2025-07-25,4.564655023873449,4,190,145,191.79320547945207,22.25038984407142,0.6986301369863014,145.0,7.0,0.7142857142857143,1,4
146,Listing 146,6530,Host 146,Ciutat Vella,Barri Gòtic,41.44362122462437,2.2106262539188517,Entire home/apt,337,6,20,2000-01-01,1.698851211494219,5,172,146,340.8327397260274,39.29222903836011,0.7123287671232876,146.0,6.0,1.0,0,0
147,Listing 147,5413,Host 147,Horta-Guinardó,Barri Gòtic,41.35519712836515,2.1529877112753097,Entire home/apt,77,13,63,2026-03-12,2.278095782186258,6,6,147,77.32071232876713,8.749207156355375,0.726027397260274,147.0,2.0,0.0,0,3
148,Listing 148,4748,Host 148,Ciutat Vella,Poble Sec,41.40412963353011,2.144480337193148,Entire home/apt,327,8,89,2026-03-18,3.390569154771044,3,154,148,323.60865753424656,37.11860268047649,0.736986301369863,148.0,3.0,-0.3333333333333333,0,0
149,Listing 149,1663,Host 149,Ciutat Vella,Poble Sec,41.420906051945096,2.152455484461877,Shared room,282,4,35,2025-05-12,2.7151071543338205,8,9,149,282.6576438356164,32.034127696729655,0.673972602739726,149.0,5.0,0.2,2,0
150,Listing 150,2998,Host 150,Sants-Montjuïc,Sant Pere,41.43709691237461,2.216198029677177,Entire home/apt,66,13,61,2025-09-28,1.734429881821928,4,33,150,66.22550684931507,7.468890540768459,0.684931506849315,150.0,3.0,1.0,0,4
151,Listing 151,8994,Host 151,Horta-Guinardó,Poble Sec,41.421408693213245,2.1992055916605624,Entire home/apt,108,8,169,2000-01-01,2.1782239522825493,8,35,151,108.61769863013699,12.267224632477062,0.6712328767123288,151.0,4.0,0.0,0,3
152,Listing 152,2495,Host 152,Horta-Guinardó,La Barceloneta,41.430172808306985,2.1277793351801204,Private room,139,2,75,2025-12-17,3.9724040892675294,3,5,152,139.22476712328768,15.3825283815732,0.663013698630137,152.0,3.0,1.3333333333333333,1,3
153,Listing 153,4304,Host 153,Gràcia,El Raval,41.38394501925429,2.1261164003001127,Entire home/apt,248,10,169,2026-04-02,1.390645777433062,7,214,153,249.1855616438356,27.947811273374366,0.6876712328767123,153.0,2.0,1.5,0,2
154,Listing 154,4763,Host 154,Ciutat Vella,El Raval,41.431482511374654,2.1147593474570097,Entire home/apt,411,9,188,2025-09-20,0.7112761988840771,9,133,154,417.73180821917805,48.43585894083788,0.6821917808219178,154.0,8.0,1.125,0,0
155,Listing 155,6232,Host 155,Ciutat Vella,Sants,41.35801148463847,2.1990454079552006,Entire home/apt,490,9,12,2025-07-07,1.5658160091488855,4,284,155,490.64712328767126,56.3566152858918,0.7013698630136986,155.0,5.0,1.0,0,0
156,Listing 156,2853,Host 156,Eixample,Sants,41.43948166560605,2.2146558993332603,Private room,75,8,10,2025-12-10,4.247671077439507,8,125,156,74.45893150684931,8.803663898117083,0.6821917808219178,156.0,4.0,0.75,1,1
157,Listing 157,7585,Host 157,Gràcia,El Raval,41.40475923761537,2.139756964248751,Entire home/apt,74,10,53,2025-11-13,0.4449485742817333,3,336,157,73.738,8.644983529179232,0.7123287671232876,157.0,3.0,1.3333333333333333,0,2
158,Listing 158,2291,Host 158,Eixample,Sants,41.43172977699625,2.103141744154637,Private room,443,13,15,2025-10-02,4.95848036686226,7,173,158,446.21487671232876,50.797707769286994,0.7315068493150685,158.0,3.0,1.0,1,1
159,Listing 159,4581,Host 159,Eixample,Sant Pere,41.39523182845184,2.1123257501214643,Shared room,350,10,7,2000-01-01,2.705014494638313,3,151,159,347.8184109589041,40.18271800897607,0.7342465753424657,159.0,5.0,1.2,2,1
160,Listing 160,8554,Host 160,Eixample,Poble Sec,41.41435776951965,2.2451790052267544,Entire home/apt,388,1,103,2025-08-31,4.92422871983547,7,330,160,386.14249315068497,46.05362642267392,0.6547945205479452,,0.0,0.0,0,1
161,Listing 161,8280,Host 161,Sants-Montjuïc,El Raval,41.40264026609361,2.144316716621613,Entire home/apt,316,2,58,2026-03-16,4.694982110429888,6,25,161,313.9123835616438,36.6398785863096,0.6712328767123288,161.0,5.0,0.0,0,4
162,Listing 162,2636,Host 162,Sants-Montjuïc,Sants,41.423158952175534,2.21538347217572,Entire home/apt,230,6,56,2000-01-01,2.264068571054584,2,114,162,227.20816438356164,26.8972765212134,0.6602739726027397,162.0,5.0,0.6,0,4
163,Listing 163,4696,Host 163,Eixample,El Raval,41.35816299820306,2.19369953532814,Entire home/apt,409,10,39,2025-07-08,0.9924553730267456,3,283,163,410.21769863013697,46.71021013603859,0.6958904109589041,163.0,2.0,-1.0,0,1
164,Listing 164,1698,Host 164,Gràcia,La Barceloneta,41.35603520839906,2.1572909459479344,Entire home/apt,117,5,186,2026-03-16,0.8244238828256922,6,74,164,115.96695890410959,13.468463849807865,0.7095890410958904,164.0,6.0,1.1666666666666667,0,2
165,Listing 165,5737,Host 165,Ciutat Vella,Barri Gòtic,41.37471032340102,2.1308530893293334,Shared room,400,12,129,2025-08-06,1.1999468193497875,4,165,165,399.9803835616438,46.98329431731476,0.7068493150684931,165.0,2.0,0.5,2,0
166,Listing 166,1854,Host 166,Gràcia,Poble Sec,41.36595446801132,2.118207962723911,Private room,461,9,93,2025-10-26,3.5506632028226863,6,188,166,462.829397260274,52.589908907189375,0.7287671232876712,166.0,8.0,0.75,1,2
167,Listing 167,9164,Host 167,Horta-Guinardó,El Raval,41.43717835665922,2.19225194520583,Private room,370,5,137,2025-12-18,1.364749973657439,1,77,167,367.19468493150686,41.6149559735851,0.6958904109589041,167.0,5.0,0.2,1,3
168,Listing 168,6855,Host 168,Sants-Montjuïc,Barri Gòtic,41.37192139873581,2.216195067095668,Entire home/apt,98,2,43,2026-02-01,1.7071263480214915,1,89,168,98.34608219178082,11.24678179824797,0.7041095890410959,168.0,3.0,1.6666666666666667,0,4
169,Listing 169,8392,Host 169,Ciutat Vella,Sants,41.44758652558192,2.196585638031169,Private room,224,10,138,2025-07-18,2.243894019973074,3,175,169,224.4818904109589,26.311456744770208,0.7095890410958904,169.0,5.0,0.0,1,0
170,Listing 170,7528,Host 170,Ciutat Vella,Barri Gòtic,41.38368957917712,2.179545319987374,Shared room,101,4,79,2025-06-13,4.566163402107282,8,20,170,100.30561643835617,11.576343036306175,0.7205479452054795,170.0,6.0,0.3333333333333333,2,0
171,Listing 171,6249,Host 171,Horta-Guinardó,Poble Sec,41.36821179156888,2.106292683514745,Private room,151,9,80,2025-05-23,0.9469670894242304,8,53,171,151.82641095890412,17.24516339252964,0.726027397260274,171.0,5.0,0.2,1,3
172,Listing 172,6172,Host 172,Horta-Guinardó,El Raval,41.42896985071425,2.2452733166391576,Entire home/apt,265,1,1,2025-05-16,0.0251327630490155,4,183,172,265.99613698630134,29.652022393323364,0.7068493150684931,172.0,4.0,0.5,0,3
173,Listing 173,2707,Host 173,Eixample,La Barceloneta,41.41587077755009,2.219807128748186,Private room,487,11,177,2025-11-20,0.3004820518908507,6,358,173,482.9801917808219,55.55670020439014,0.7178082191780822,173.0,1.0,1.0,1,1
174,Listing 174,6791,Host 174,Sants-Montjuïc,Sants,41.39981957164532,2.1439233055051448,Entire home/apt,237,1,139,2026-02-28,4.523831708400589,8,221,174,239.47320547945205,27.856372450935623,0.7068493150684931,174.0,3.0,1.0,0,4
175,Listing 175,6535,Host 175,Sants-Montjuïc,El Raval,41.405536355093766,2.2469955494038274,Entire home/apt,106,12,114,2026-02-13,3.237582324216816,7,314,175,107.30131506849315,12.553891779655196,0.684931506849315,175.0,1.0,-1.0,0,4
176,Listing 176,5931,Host 176,Gràcia,Poble Sec,41.42192017782723,2.190282238445449,Entire home/apt,96,7,89,2026-02-27,1.3652030966390338,7,327,176,96.24161643835617,11.003383688653646,0.6904109589041096,176.0,7.0,0.8571428571428571,0,2
177,Listing 177,4510,Host 177,Eixample,Sants,41.37284547413313,2.187363398731087,Private room,208,11,22,2026-02-02,0.8859625050559555,4,178,177,208.49920547945206,25.275380654386698,0.7041095890410959,177.0,5.0,1.0,1,1
178,Listing 178,1202,Host 178,Eixample,Sant Pere,41.44963339160568,2.21221097691443,Private room,223,3,145,2025-06-17,1.4713336831855717,9,275,178,225.87534246575342,25.81265361193107,0.6986301369863014,178.0,4.0,0.5,1,1
179,Listing 179,5218,Host 179,Eixample,Barri Gòtic,41.44747931621468,2.221765468213521,Entire home/apt,291,10,61,2025-10-29,0.5739846362564005,6,111,179,293.92131506849313,33.56290203961493,0.6821917808219178,179.0,5.0,0.0,0,1
180,Listing 180,9958,Host 180,Eixample,Poble Sec,41.41503256863469,2.1984717910997253,Entire home/apt,331,2,112,2025-06-02,4.707664551422205,3,223,180,332.4790684931507,38.654587102632036,0.6904109589041096,180.0,5.0,0.8,0,1
181,Listing 181,5389,Host 181,Sants-Montjuïc,Sant Pere,41.36995424509291,2.11921436195493,Entire home/apt,290,9,127,2025-08-07,3.9210308718263343,5,213,181,290.1983287671233,33.49006096125116,0.7150684931506849,181.0,9.0,0.5555555555555556,0,4
182,Listing 182,3327,Host 182,Sants-Montjuïc,El Raval,41.41802282424313,2.150740125899175,Entire home/apt,419,3,61,2026-03-27,2.311955884562704,5,58,182,417.10293150684936,48.61396777764549,0.7178082191780822,182.0,6.0,0.5,0,4
183,Listing 183,9004,Host 183,Eixample,La Barceloneta,41.35721984089792,2.239212546048908,Entire home/apt,54,2,37,2000-01-01,4.3248130255760096,5,326,183,54.455506849315064,6.3827328087413004,0.7013698630136986,183.0,2.0,1.5,0,1
184,Listing 184,3931,Host 184,Gràcia,Sants,41.35306525022058,2.133692341776578,Entire home/apt,133,12,194,2025-12-02,1.2472910214661614,8,108,184,132.21739726027397,15.256689563889447,0.7232876712328767,184.0,3.0,1.0,0,2
185,Listing 185,8777,Host 185,Ciutat Vella,Barri Gòtic,41.37576828885112,2.155825053575627,Private room,357,8,165,2000-01-01,3.5856028423609674,9,156,185,356.2735068493151,40.51042272312997,0.6821917808219178,185.0,5.0,-0.2,1,0
186,Listing 186,1197,Host 186,Ciutat Vella,Sants,41.396262295673935,2.1648115324416293,Entire home/apt,410,10,194,2026-02-15,4.280662495068717,9,190,186,404.98649315068496,47.37816596487981,0.6602739726027397,186.0,5.0,0.2,0,0
187,Listing 187,8125,Host 187,Gràcia,El Raval,41.43682725054085,2.165910748454168,Entire home/apt,297,6,60,2025-12-09,1.783843558116363,6,199,187,299.48684931506847,34.537116444466825,0.7041095890410959,187.0,4.0,1.0,0,2
188,Listing 188,2930,Host 188,Eixample,Sants,41.42271690697663,2.191940937374179,Entire home/apt,103,6,128,2000-01-01,3.787322227253589,6,311,188,103.02591780821918,11.856442332059219,0.7205479452054795,188.0,7.0,0.8571428571428571,0,1
189,Listing 189,7287,Host 189,Sants-Montjuïc,Barri Gòtic,41.42427065212,2.2414613756617063,Shared room,210,10,172,2025-04-26,1.4753617463215467,9,195,189,210.89720547945205,24.76384793800579,0.6931506849315069,189.0,6.0,0.0,2,4
190,Listing 190,9800,Host 190,Ciutat Vella,El Raval,41.39254933344481,2.136103906774876,Private room,483,11,155,2026-04-18,1.494285676295154,4,34,190,480.9601917808219,55.47070620553828,0.6712328767123288,190.0,1.0,1.0,1,0
191,Listing 191,5282,Host 191,Horta-Guinardó,Sants,41.3845934992547,2.1182252064451377,Private room,471,7,148,2000-01-01,0.5352858927709303,6,245,191,474.1200273972603,55.92281642565287,0.6821917808219178,191.0,3.0,1.0,1,3
192,Listing 192,3511,Host 192,Horta-Guinardó,La Barceloneta,41.38710387629846,2.1296205734789906,Entire home/apt,460,7,121,2025-05-04,2.200290232546993,4,236,192,454.6615068493151,54.13272325099967,0.6876712328767123,192.0,2.0,0.0,0,3
193,Listing 193,1659,Host 193,Gràcia,Poble Sec,41.44876495637361,2.2330387350313905,Entire home/apt,275,11,109,2025-07-17,3.648559532487111,1,103,193,273.2941917808219,32.800100629978935,0.726027397260274,193.0,4.0,0.75,0,2
194,Listing 194,3811,Host 194,Eixample,El Raval,41.35401091914125,2.196871621898281,Entire home/apt,64,13,12,2000-01-01,4.701104027856425,7,6,194,63.949643835616435,7.522869209054136,0.6876712328767123,194.0,3.0,1.0,0,1
195,Listing 195,8098,Host 195,Ciutat Vella,Poble Sec,41.43670314961225,2.142886018385874,Private room,273,6,154,2025-07-14,3.0189849596454805,6,282,195,273.1886849315068,32.27599807229123,0.6931506849315069,195.0,1.0,1.0,1,0
196,Listing 196,7546,Host 196,Eixample,El Raval,41.40786754085724,2.2223920408452926,Shared room,110,4,99,2000-01-01,4.315677688678695,9,0,196,110.44131506849315,12.718324494058699,0.7013698630136986,196.0,5.0,0.8,2,1
197,Listing 197,2986,Host 197,Ciutat Vella,La Barceloneta,41.39386154191896,2.2292054994545154,Private room,171,11,134,2000-01-01,4.112473246451136,7,218,197,171.12205479452055,19.71257014864173,0.6794520547945205,197.0,3.0,-0.3333333333333333,1,0
198,Listing 198,9338,Host 198,Gràcia,Poble Sec,41.42252576604152,2.226977150803542,Private room,326,9,21,2026-04-02,0.8667152648764043,7,229,198,324.19594520547946,38.04742301127878,0.7041095890410959,198.0,5.0,-0.2,1,2
199,Listing 199,3911,Host 199,Gràcia,Sant Pere,41.39866689414247,2.2378389800459333,Private room,95,6,73,2026-01-05,2.429087144563157,2,171,199,95.62249315068493,11.439525492449324,0.7123287671232876,199.0,5.0,0.8,1,2
200,Listing 200,2734,Host 200,Horta-Guinardó,Barri Gòtic,41.43734232380817,2.1378361530260044,Entire home/apt,439,4,180,2025-05-16,0.5846176776269574,9,86,200,440.6898904109589,48.8516513042578,0.6767123287671233,200.0,7.0,0.8571428571428571,0,3
201,Listing 201,2843,Host 201,Eixample,Sant Pere,41.44007018640113,2.213256289311942,Shared room,343,12,131,2000-01-01,3.4107658078081746,9,40,201,342.31758904109586,39.13293936854038,0.7123287671232876,201.0,2.0,1.5,2,1
202,Listing 202,9680,Host 202,Horta-Guinardó,Sants,41.39217209268735,2.169080924591121,Entire home/apt,111,3,22,2025-09-26,4.74949834123038,6,122,202,110.9696712328767,12.38090622299532,0.6986301369863014,,0.0,0.0,0,3
203,Listing 203,3976,Host 203,Eixample,La Barceloneta,41.37768277972351,2.226299782933509,Entire home/apt,135,4,118,2026-02-02,0.6854472903937825,3,330,203,134.8758904109589,14.937264691752421,0.7123287671232876,203.0,4.0,0.75,0,1
204,Listing 204,2959,Host 204,Horta-Guinardó,Sant Pere,41.409235032859335,2.209273601574242,Entire home/apt,495,3,69,2025-12-22,3.6694156540127065,1,297,204,492.9256164383562,56.09242324073111,0.6876712328767123,204.0,8.0,0.625,0,3
205,Listing 205,6759,Host 205,Sants-Montjuïc,El Raval,41.44123633456167,2.216467116974959,Entire home/apt,259,2,83,2026-01-22,3.1611907543393047,4,177,205,257.9697808219178,30.247026953277057,0.7589041095890411,205.0,4.0,0.0,0,4
206,Listing 206,7694,Host 206,Sants-Montjuïc,Sants,41.371066218900566,2.198424275652161,Entire home/apt,127,5,100,2026-04-10,2.9180251850404986,3,62,206,126.59013698630137,14.759898549819487,0.7342465753424657,206.0,2.0,1.0,0,4
207,Listing 207,3385,Host 207,Sants-Montjuïc,Sants,41.412296658356354,2.126614315420456,Entire home/apt,251,2,83,2000-01-01,1.950601173441696,1,164,207,252.25216438356162,29.47870878110973,0.6986301369863014,207.0,4.0,1.25,0,4
208,Listing 208,5736,Host 208,Sants-Montjuïc,Sant Pere,41.41315602200925,2.1817540378345406,Entire home/apt,351,6,160,2025-09-24,1.7756582387690627,3,186,208,353.6330410958904,40.744323481266804,0.673972602739726,208.0,4.0,0.5,0,4
209,Listing 209,2802,Host 209,Ciutat Vella,Sant Pere,41.42331130224153,2.247700460928676,Entire home/apt,446,3,27,2025-12-16,0.2262459450944393,4,208,209,443.2933424657534,53.196962580660745,0.6575342465753424,209.0,4.0,-0.25,0,0
210,Listing 210,9155,Host 210,Sants-Montjuïc,La Barceloneta,41.36315676851273,2.240608209974568,Entire home/apt,272,6,135,2025-04-28,1.0895435412600674,8,226,210,274.28213698630134,31.60724452415546,0.6602739726027397,210.0,4.0,0.25,0,4
211,Listing 211,9120,Host 211,Gràcia,Barri Gòtic,41.42158249646821,2.106476060369552,Entire home/apt,271,11,0,2000-01-01,0.0758844114341344,9,47,211,268.0104109589041,32.28844356759027,0.7123287671232876,211.0,7.0,0.2857142857142857,0,2
212,Listing 212,7616,Host 212,Gràcia,Sant Pere,41.44090325206657,2.1247222223594155,Entire home/apt,52,10,164,2025-08-25,2.9070855279101027,3,223,212,52.57410958904109,6.214532780528633,0.6657534246575343,212.0,4.0,1.5,0,2
213,Listing 213,6534,Host 213,Ciutat Vella,Sant Pere,41.36796831088703,2.119759316018184,Entire home/apt,55,9,62,2025-08-30,0.5292661793895442,6,2,213,54.805369863013695,6.204381311539401,0.673972602739726,213.0,3.0,1.0,0,0
214,Listing 214,5061,Host 214,Sants-Montjuïc,Poble Sec,41.37375433249239,2.2088969864977943,Private room,142,1,21,2025-12-27,4.3650969701485804,5,174,214,142.07304109589043,16.95804638379375,0.6794520547945205,214.0,5.0,1.0,1,4
215,Listing 215,1262,Host 215,Sants-Montjuïc,El Raval,41.44713950940417,2.222667799478542,Private room,57,6,69,2025-05-20,2.615715103485826,6,98,215,57.06906849315068,6.717671194154142,0.6821917808219178,215.0,6.0,0.3333333333333333,1,4
216,Listing 216,7287,Host 216,Sants-Montjuïc,Poble Sec,41.36809769527095,2.132026704946601,Private room,477,9,124,2000-01-01,3.4984495452935422,4,115,216,473.031698630137,56.85452455119026,0.6821917808219178,216.0,9.0,0.7777777777777778,1,4
217,Listing 217,9815,Host 217,Horta-Guinardó,Poble Sec,41.43543850933696,2.1758779039427742,Private room,284,11,148,2026-03-18,2.0542854592024824,6,269,217,283.6823835616438,32.41126817123733,0.6904109589041096,217.0,4.0,0.5,1,3
218,Listing 218,3049,Host 218,Eixample,Sants,41.3992277856448,2.22610545420168,Entire home/apt,157,4,95,2025-12-01,2.802899045005243,7,252,218,157.7485205479452,17.775449176029387,0.6931506849315069,218.0,6.0,0.8333333333333334,0,1
219,Listing 219,6423,Host 219,Horta-Guinardó,Barri Gòtic,41.37472310744032,2.209920231714938,Private room,210,11,162,2025-08-05,4.713295884833152,9,316,219,207.9250410958904,23.587161431754495,0.7178082191780822,219.0,3.0,1.0,1,3
220,Listing 220,5548,Host 220,Eixample,El Raval,41.43707499012725,2.1813355808237773,Entire home/apt,258,12,78,2025-07-22,0.4136701981183538,7,94,220,258.7157808219178,30.264880515032473,0.6904109589041096,220.0,6.0,1.1666666666666667,0,1
221,Listing 221,4108,Host 221,Sants-Montjuïc,La Barceloneta,41.394530525500265,2.188552153568816,Entire home/apt,289,2,4,2026-04-08,1.2696888596184808,6,272,221,287.53106849315066,32.09754520085798,0.7013698630136986,221.0,4.0,1.25,0,4
222,Listing 222,8158,Host 222,Sants-Montjuïc,La Barceloneta,41.40148173539297,2.176254082037442,Private room,380,13,59,2000-01-01,3.8999416345527216,1,23,222,383.5395616438356,43.0384517295853,0.6794520547945205,222.0,1.0,1.0,1,4
223,Listing 223,8400,Host 223,Horta-Guinardó,Sant Pere,41.38592333693998,2.144632267697823,Entire home/apt,382,4,119,2026-01-21,0.4936860344133292,2,115,223,383.03052054794523,44.83748505978594,0.6876712328767123,223.0,3.0,0.3333333333333333,0,3
224,Listing 224,4170,Host 224,Horta-Guinardó,Sant Pere,41.4092950851435,2.1847532989288525,Private room,99,1,45,2025-12-08,0.3783055195205542,1,150,224,98.09701369863015,11.13401863670791,0.6712328767123288,224.0,1.0,1.0,1,3
225,Listing 225,3255,Host 225,Eixample,La Barceloneta,41.3663523872585,2.2033327953075137,Private room,60,3,177,2000-01-01,1.8077069937701928,9,337,225,60.18789041095891,6.817167178499119,0.684931506849315,225.0,2.0,1.5,1,1
226,Listing 226,2154,Host 226,Gràcia,Sant Pere,41.38910815366518,2.230998437379121,Private room,400,10,175,2025-10-28,0.4608397923621615,9,49,226,399.9699178082191,46.382027902581655,0.7205479452054795,226.0,7.0,0.2857142857142857,1,2
227,Listing 227,5499,Host 227,Eixample,Barri Gòtic,41.446941232233534,2.1954437030968874,Shared room,205,9,133,2025-11-13,2.9253922110310158,7,205,227,206.76120547945206,23.64151115393701,0.7068493150684931,227.0,2.0,1.0,2,1
228,Listing 228,7295,Host 228,Horta-Guinardó,Poble Sec,41.37581334327012,2.214168230556474,Entire home/apt,119,10,55,2025-08-04,1.131376254082999,2,334,228,117.20347945205478,13.978319209228928,0.7232876712328767,228.0,3.0,1.0,0,3
229,Listing 229,7197,Host 229,Horta-Guinardó,Sant Pere,41.41567366645413,2.124010745243186,Entire home/apt,218,5,109,2000-01-01,4.478489815996862,6,78,229,219.20709589041095,24.39847123665405,0.7479452054794521,229.0,5.0,0.4,0,3
230,Listing 230,2648,Host 230,Ciutat Vella,Sants,41.38251900642247,2.1692336211629684,Entire home/apt,321,11,186,2026-01-15,3.917500404226284,4,69,230,322.9850684931507,36.03235606098686,0.6931506849315069,230.0,2.0,0.0,0,0
231,Listing 231,6539,Host 231,Horta-Guinardó,Sant Pere,41.42734731256866,2.1013997429740643,Entire home/apt,117,6,156,2025-04-25,3.4985260304973806,1,26,231,119.03361643835616,13.296689213044749,0.7178082191780822,231.0,6.0,0.8333333333333334,0,3
232,Listing 232,5199,Host 232,Ciutat Vella,El Raval,41.36308736607184,2.137001829678244,Private room,404,3,198,2025-07-30,3.0847201369225097,1,270,232,406.36863013698627,46.69473144019747,0.7123287671232876,232.0,5.0,1.0,1,0
233,Listing 233,9445,Host 233,Gràcia,Barri Gòtic,41.44698210450786,2.2089692572669506,Private room,301,5,103,2025-07-21,4.317328651707316,5,49,233,301.8939726027397,35.39748857033729,0.6520547945205479,233.0,2.0,1.0,1,2
234,Listing 234,3557,Host 234,Eixample,El Raval,41.395378954138366,2.2487714927024047,Private room,97,11,76,2025-05-14,1.1153103077137845,2,291,234,96.25057534246575,10.835984133460096,0.736986301369863,234.0,4.0,1.75,1,1
235,Listing 235,6592,Host 235,Eixample,El Raval,41.373605046334646,2.1148767149380823,Entire home/apt,233,8,145,2000-01-01,4.365544213821138,4,246,235,232.29975342465755,26.79519893428754,0.6273972602739726,235.0,3.0,-0.3333333333333333,0,1
236,Listing 236,1098,Host 236,Ciutat Vella,Sants,41.357349674733,2.160224147379193,Entire home/apt,369,6,1,2025-05-17,3.9474614921202615,1,263,236,369.1713698630137,43.09322889607774,0.673972602739726,236.0,4.0,0.5,0,0
237,Listing 237,3200,Host 237,Eixample,Barri Gòtic,41.366975790508754,2.220010645304874,Entire home/apt,236,4,7,2025-06-07,3.740804131938428,4,78,237,236.33032876712332,26.33112198628174,0.7095890410958904,237.0,6.0,0.5,0,1
238,Listing 238,3961,Host 238,Horta-Guinardó,Barri Gòtic,41.40197739485561,2.130605345194335,Entire home/apt,139,2,74,2026-02-18,2.8062783903746205,6,189,238,138.01761643835616,15.972774641325989,0.684931506849315,238.0,5.0,0.8,0,3
239,Listing 239,5973,Host 239,Sants-Montjuïc,Barri Gòtic,41.38370031764313,2.183262742395343,Private room,495,9,181,2025-11-20,1.2312208048530005,4,46,239,494.19347945205476,56.55126383098907,0.7068493150684931,239.0,2.0,1.5,1,4
240,Listing 240,5433,Host 240,Ciutat Vella,Barri Gòtic,41.43288833658826,2.2099606944044514,Entire home/apt,381,13,124,2025-05-16,2.1177395799594816,1,360,240,382.77780821917804,42.994633905098546,0.684931506849315,240.0,2.0,1.0,0,0
241,Listing 241,3869,Host 241,Eixample,Barri Gòtic,41.39308875236618,2.192397817539027,Entire home/apt,188,12,37,2025-09-28,3.967853272694008,7,353,241,190.89975342465755,21.811356873777868,0.7232876712328767,241.0,2.0,1.0,0,1
242,Listing 242,1956,Host 242,Ciutat Vella,Sants,41.37487142725877,2.1282037101923126,Entire home/apt,406,1,175,2025-07-13,0.1588924217866222,2,351,242,408.69328767123284,46.74570749685262,0.7150684931506849,242.0,5.0,-0.2,0,0
243,Listing 243,9352,Host 243,Ciutat Vella,Sant Pere,41.4117144986604,2.153307685302861,Private room,138,1,26,2000-01-01,3.910253846318792,9,188,243,138.20386301369865,16.0837872990873,0.7041095890410959,243.0,4.0,0.5,1,0
244,Listing 244,6699,Host 244,Sants-Montjuïc,El Raval,41.42067772168855,2.2175687676728097,Private room,323,13,19,2025-10-10,1.2003537024378326,3,255,244,321.56753424657535,38.187315539052754,0.6986301369863014,244.0,3.0,-0.3333333333333333,1,4
245,Listing 245,7944,Host 245,Horta-Guinardó,Barri Gòtic,41.366704190790095,2.1831339771198026,Entire home/apt,68,4,139,2026-01-23,0.7215460036080151,8,221,245,67.82961643835617,7.690962361777521,0.7205479452054795,,0.0,0.0,0,3
246,Listing 246,5493,Host 246,Ciutat Vella,Sant Pere,41.36676192162884,2.100784442031437,Entire home/apt,360,7,42,2025-11-19,0.5785065909015108,8,240,246,360.2582739726027,42.81837599806356,0.7123287671232876,246.0,7.0,0.42857142857142855,0,0
247,Listing 247,5911,Host 247,Eixample,Sant Pere,41.35366714269336,2.214148614004214,Entire home/apt,407,1,188,2026-04-22,0.1362500597540755,3,268,247,405.56301369863013,47.54375157651732,0.7287671232876712,247.0,3.0,0.6666666666666666,0,1
248,Listing 248,4987,Host 248,Gràcia,El Raval,41.423640201506565,2.105296703241036,Entire home/apt,423,9,30,2026-01-05,2.6179324261072647,4,0,248,427.3065479452055,49.61993445373984,0.684931506849315,248.0,3.0,-0.3333333333333333,0,2
249,Listing 249,7015,Host 249,Ciutat Vella,Sants,41.41638045276218,2.2118600674096847,Private room,203,4,90,2025-06-30,1.0912993634686474,2,33,249,203.8710684931507,24.05577815964752,0.7013698630136986,249.0,5.0,0.4,1,0
250,Listing 250,2218,Host 250,Ciutat Vella,La Barceloneta,41.39746308757498,2.1303720840247857,Private room,439,3,60,2025-11-09,4.947158828898158,4,78,250,438.42789041095887,49.78741320248072,0.7589041095890411,250.0,2.0,1.0,1,0
251,Listing 251,5496,Host 251,Sants-Montjuïc,La Barceloneta,41.434417044896925,2.243711022017907,Entire home/apt,309,1,194,2025-09-08,2.8721837793610288,9,235,251,309.44298630136984,36.18815225056746,0.6712328767123288,251.0,4.0,0.5,0,4
252,Listing 252,5735,Host 252,Horta-Guinardó,Sant Pere,41.43056701529501,2.155191112695313,Entire home/apt,157,10,108,2025-08-04,0.6894263467800521,2,333,252,158.91210958904108,17.48185383174652,0.6958904109589041,252.0,3.0,0.3333333333333333,0,3
253,Listing 253,5555,Host 253,Gràcia,Poble Sec,41.40853543643968,2.149039742450712,Shared room,420,4,90,2026-01-26,3.4438127040568265,3,348,253,417.74553424657535,47.58737042203084,0.6904109589041096,253.0,3.0,0.3333333333333333,2,2
254,Listing 254,9050,Host 254,Eixample,Poble Sec,41.43682712805133,2.122333207549867,Entire home/apt,334,9,162,2025-11-28,4.488717832548627,4,97,254,335.53172602739727,38.12274893417786,0.7095890410958904,254.0,5.0,0.6,0,1
255,Listing 255,4446,Host 255,Gràcia,El Raval,41.37058412100368,2.1458406323235324,Private room,108,13,94,2025-06-02,3.725897476848072,5,81,255,108.07208219178082,12.71185569942077,0.7178082191780822,255.0,9.0,1.4444444444444444,1,2
256,Listing 256,2045,Host 256,Eixample,La Barceloneta,41.361191961939774,2.23149761427423,Entire home/apt,174,10,142,2026-03-06,0.3821993051972383,1,191,256,173.32868493150684,21.205354041469935,0.726027397260274,256.0,3.0,0.0,0,1
257,Listing 257,7893,Host 257,Horta-Guinardó,Sant Pere,41.3769749611517,2.249450150644087,Entire home/apt,403,6,143,2025-12-23,4.4794209059632975,7,252,257,400.07273972602735,46.004570534412075,0.663013698630137,257.0,2.0,0.0,0,3
258,Listing 258,2693,Host 258,Eixample,Sants,41.35570868560893,2.155246429576027,Entire home/apt,322,6,12,2025-12-28,3.969646929299824,7,37,258,321.2732602739726,36.571669844574146,0.6986301369863014,258.0,5.0,0.2,0,1
259,Listing 259,4436,Host 259,Sants-Montjuïc,La Barceloneta,41.4031169528001,2.167291594643181,Entire home/apt,156,1,112,2026-02-06,0.7915195005280717,9,13,259,156.23268493150684,18.569895285197664,0.6657534246575343,259.0,6.0,0.6666666666666666,0,4
260,Listing 260,9754,Host 260,Sants-Montjuïc,Sant Pere,41.4436605692295,2.2083106407304105,Shared room,348,10,34,2000-01-01,0.2589294436640843,4,346,260,349.2514520547945,41.735893468991115,0.6684931506849315,260.0,3.0,0.3333333333333333,2,4
261,Listing 261,6895,Host 261,Sants-Montjuïc,Sant Pere,41.35393435406685,2.232929367069761,Entire home/apt,294,2,186,2025-08-22,2.7865528765715424,6,309,261,290.2913424657534,33.72669091885078,0.6465753424657534,261.0,3.0,-0.3333333333333333,0,4
262,Listing 262,4354,Host 262,Sants-Montjuïc,Barri Gòtic,41.36221099140101,2.1889566501280178,Entire home/apt,385,11,148,2026-03-16,0.7801790566998845,2,208,262,386.43961643835615,44.18609453665174,0.7561643835616438,262.0,4.0,1.25,0,4
263,Listing 263,1225,Host 263,Gràcia,Sants,41.395219902828345,2.1587288547266743,Entire home/apt,499,6,181,2025-06-04,4.17295476297636,4,356,263,496.57468493150685,57.11804608620119,0.6712328767123288,263.0,2.0,0.0,0,2
264,Listing 264,5893,Host 264,Horta-Guinardó,Barri Gòtic,41.4433875017528,2.161893276127293,Entire home/apt,467,2,157,2025-05-01,1.7916732833583686,2,88,264,467.8664109589041,51.873798145705685,0.7095890410958904,264.0,3.0,0.0,0,3
265,Listing 265,8022,Host 265,Eixample,El Raval,41.38161561049768,2.204342721974521,Entire home/apt,296,3,47,2025-09-30,4.564462223682877,5,55,265,293.96663013698634,33.235106602289896,0.7068493150684931,265.0,5.0,-0.2,0,1
266,Listing 266,6600,Host 266,Eixample,Barri Gòtic,41.40072348086884,2.100482739540642,Entire home/apt,57,4,34,2025-05-22,2.8284408607050286,7,93,266,56.7052602739726,6.778504101783486,0.7452054794520548,266.0,5.0,0.6,0,1
267,Listing 267,8996,Host 267,Sants-Montjuïc,Barri Gòtic,41.35415728590504,2.192938400618976,Private room,190,11,85,2026-02-27,0.9133619211983408,1,92,267,189.54953424657535,22.215514120533456,0.6465753424657534,267.0,3.0,-0.3333333333333333,1,4
268,Listing 268,8683,Host 268,Sants-Montjuïc,La Barceloneta,41.36483432009621,2.1533239515662035,Entire home/apt,411,5,165,2025-12-31,0.6979943367990005,7,339,268,407.2559726027397,45.15141532043935,0.684931506849315,268.0,4.0,0.0,0,4
269,Listing 269,5642,Host 269,Ciutat Vella,Poble Sec,41.44866301229589,2.2191295996915628,Entire home/apt,57,9,158,2000-01-01,2.882362187788769,6,84,269,57.086684931506845,6.440564887340359,0.7041095890410959,269.0,3.0,0.3333333333333333,0,0
270,Listing 270,8679,Host 270,Horta-Guinardó,Sant Pere,41.44651186964361,2.11394859597347,Shared room,401,12,151,2025-07-31,3.80941805931222,6,244,270,399.722904109589,48.509646744305016,0.6246575342465753,270.0,2.0,0.5,2,3
271,Listing 271,9208,Host 271,Gràcia,Sants,41.35049399809344,2.1882303400422587,Entire home/apt,143,4,113,2025-07-11,3.907528238710911,8,21,271,143.37,16.344884319156044,0.6684931506849315,271.0,9.0,0.7777777777777778,0,2
272,Listing 272,8339,Host 272,Eixample,Barri Gòtic,41.44518117854233,2.1721459334829185,Shared room,370,13,176,2026-02-19,1.3787870222064065,8,290,272,369.96123287671236,43.48136288722772,0.6904109589041096,272.0,1.0,1.0,2,1
273,Listing 273,3205,Host 273,Ciutat Vella,Sants,41.413911993781554,2.196348828885784,Entire home/apt,476,11,99,2025-08-28,1.0212337945608374,6,271,273,476.8745205479452,57.18023602977336,0.6821917808219178,273.0,5.0,0.8,0,0
274,Listing 274,2069,Host 274,Ciutat Vella,Poble Sec,41.436791829452005,2.1097280391724453,Private room,88,9,159,2025-07-10,0.083781522461912,3,305,274,88.09400000000001,10.464870375595774,0.7123287671232876,274.0,2.0,0.0,1,0
275,Listing 275,4444,Host 275,Eixample,Poble Sec,41.395473985563385,2.1869975681142195,Private room,130,11,182,2025-09-08,3.395995756005847,5,121,275,128.39120547945205,14.963046557405704,0.7205479452054795,275.0,4.0,-0.5,1,1
276,Listing 276,2060,Host 276,Gràcia,Barri Gòtic,41.40155960285793,2.1842226881939286,Private room,236,10,185,2025-08-07,0.3828412921676949,2,127,276,239.63041095890412,26.708066075849953,0.6684931506849315,276.0,5.0,-0.2,1,2
277,Listing 277,3327,Host 277,Ciutat Vella,El Raval,41.39888465802569,2.1840990141624257,Shared room,133,3,98,2025-07-16,2.103806008829629,5,112,277,132.15339726027398,15.311893386719237,0.7424657534246575,277.0,3.0,-0.3333333333333333,2,0
278,Listing 278,4420,Host 278,Ciutat Vella,Barri Gòtic,41.41668642575461,2.190523149989468,Entire home/apt,137,8,2,2026-01-31,3.0084108200914805,9,272,278,137.59698630136987,15.965046116002164,0.7643835616438356,278.0,4.0,0.0,0,0
279,Listing 279,1301,Host 279,Horta-Guinardó,La Barceloneta,41.36396512547563,2.2014701905839544,Shared room,291,12,196,2025-08-22,4.685544724598385,1,335,279,288.8791506849315,32.88197303463264,0.7315068493150685,279.0,7.0,0.42857142857142855,2,3
280,Listing 280,1606,Host 280,Gràcia,Sant Pere,41.35299735898727,2.220748349952116,Entire home/apt,391,1,84,2025-12-17,1.5590106847788432,5,129,280,393.7496164383561,45.42545586465607,0.7095890410958904,280.0,2.0,2.0,0,2
281,Listing 281,4170,Host 281,Ciutat Vella,El Raval,41.38079299415912,2.1404731080192323,Entire home/apt,142,11,124,2025-12-02,1.248860812232599,6,131,281,142.22443835616437,16.39559516109241,0.6876712328767123,281.0,3.0,1.3333333333333333,0,0
282,Listing 282,1699,Host 282,Gràcia,Barri Gòtic,41.420468076273664,2.2237574115270093,Entire home/apt,135,9,137,2025-07-30,3.2708007714304923,7,84,282,135.06972602739725,15.434821482947147,0.673972602739726,282.0,5.0,0.8,0,2
283,Listing 283,6088,Host 283,Eixample,Sants,41.3701853452123,2.174738352339518,Entire home/apt,93,9,82,2025-12-21,3.096195160267908,9,349,283,92.68980821917808,10.564254014136871,0.684931506849315,283.0,4.0,0.0,0,1
284,Listing 284,1190,Host 284,Sants-Montjuïc,El Raval,41.417343243332496,2.11155874187015,Entire home/apt,186,10,24,2026-03-14,1.6605489165406229,6,80,284,187.32134246575342,21.93177810336526,0.6876712328767123,284.0,2.0,1.5,0,4
285,Listing 285,1980,Host 285,Ciutat Vella,El Raval,41.44699120461073,2.108782639386597,Entire home/apt,470,2,67,2025-12-23,4.640509177548933,5,324,285,468.0124931506849,53.30840453476214,0.6520547945205479,285.0,4.0,1.0,0,0
286,Listing 286,3975,Host 286,Horta-Guinardó,Barri Gòtic,41.35939007157894,2.150135747804409,Entire home/apt,123,4,60,2025-11-10,4.224311637448164,7,68,286,122.73383561643836,14.93449258475535,0.6465753424657534,286.0,6.0,0.16666666666666666,0,3
287,Listing 287,7102,Host 287,Eixample,El Raval,41.41726021182252,2.21773454656672,Private room,85,13,28,2026-03-12,1.1199127293254056,1,147,287,84.90698630136986,9.829841268006694,0.736986301369863,287.0,1.0,1.0,1,1
288,Listing 288,2184,Host 288,Gràcia,Sants,41.39437502193046,2.2061521402111373,Private room,150,8,126,2000-01-01,1.1957127271726158,5,15,288,149.2528493150685,17.298771460913112,0.7287671232876712,288.0,2.0,0.0,1,2
289,Listing 289,4327,Host 289,Eixample,Poble Sec,41.43681422543775,2.218292244700861,Entire home/apt,205,7,18,2025-05-02,2.561501734435403,2,306,289,205.47936986301372,23.15159484425654,0.6602739726027397,289.0,5.0,-0.2,0,1
290,Listing 290,4394,Host 290,Ciutat Vella,El Raval,41.36771497894474,2.177590358466241,Entire home/apt,475,1,170,2000-01-01,3.8678605086536018,4,104,290,472.8252602739726,53.173541365742956,0.6931506849315069,,0.0,0.0,0,0
291,Listing 291,9319,Host 291,Gràcia,Poble Sec,41.41926259522262,2.166029849693324,Entire home/apt,304,5,193,2025-09-22,0.2202018969423219,7,164,291,307.54449315068496,35.444842176246055,0.7041095890410959,291.0,3.0,-1.0,0,2
292,Listing 292,2816,Host 292,Sants-Montjuïc,Sants,41.43381152896481,2.1221178790059425,Entire home/apt,220,7,73,2025-07-19,3.466675768673533,5,200,292,219.8417808219178,24.32492742738267,0.7287671232876712,292.0,6.0,-0.3333333333333333,0,4
293,Listing 293,6854,Host 293,Eixample,Barri Gòtic,41.4444614219474,2.1492289130413966,Entire home/apt,265,4,60,2026-03-22,3.241179486910485,6,196,293,263.56854794520547,30.536180914838827,0.7041095890410959,293.0,4.0,0.75,0,1
294,Listing 294,7709,Host 294,Ciutat Vella,Sant Pere,41.41832480282897,2.1651029049260813,Entire home/apt,219,1,170,2025-09-19,1.157400479564941,2,184,294,216.9839726027397,24.965216689223965,0.6684931506849315,294.0,4.0,0.5,0,0
295,Listing 295,1569,Host 295,Horta-Guinardó,El Raval,41.399717476400845,2.1132900644519426,Entire home/apt,301,9,152,2025-06-27,3.406765066206744,3,321,295,301.2058904109589,35.2409727524285,0.6821917808219178,,0.0,0.0,0,3
296,Listing 296,6442,Host 296,Gràcia,Sant Pere,41.41178472402012,2.133091792906682,Shared room,409,5,19,2026-04-12,4.700915956260413,7,264,296,410.6974246575342,47.46892425863962,0.6657534246575343,296.0,4.0,0.5,2,2
297,Listing 297,2895,Host 297,Eixample,Sants,41.43689049844787,2.1897337941095607,Entire home/apt,371,11,47,2025-07-02,0.2339292248588426,2,362,297,373.3536712328767,43.43462273198234,0.7342465753424657,297.0,7.0,0.2857142857142857,0,1
298,Listing 298,3733,Host 298,Eixample,El Raval,41.407060974663885,2.2103494671358783,Entire home/apt,104,2,86,2026-04-19,1.5982602764603129,6,99,298,103.51479452054795,11.730914041843146,0.6986301369863014,298.0,4.0,1.0,0,1
299,Listing 299,4863,Host 299,Sants-Montjuïc,Poble Sec,41.35303870596969,2.2497521267089424,Entire home/apt,481,8,151,2025-11-21,2.190883583331776,5,341,299,481.64463013698634,54.923302593604554,0.6356164383561644,299.0,4.0,1.0,0,4
300,Listing 300,8455,Host 300,Sants-Montjuïc,La Barceloneta,41.4430948695507,2.239966999701533,Entire home/apt,140,11,138,2025-09-20,4.496301794623448,1,319,300,140.5541369863014,16.000701654700077,0.6904109589041096,300.0,7.0,0.42857142857142855,0,4
301,Listing 301,5014,Host 301,Horta-Guinardó,Sant Pere,41.41895267510316,2.1963847799302787,Entire home/apt,327,13,109,2025-07-17,4.811307233045784,4,213,301,324.71468493150684,37.55107183354773,0.726027397260274,301.0,4.0,0.5,0,3
302,Listing 302,2686,Host 302,Horta-Guinardó,El Raval,41.41765133857773,2.163187207994111,Private room,150,2,182,2025-12-31,2.2205762324816614,2,277,302,148.83224657534245,17.775909379823382,0.6465753424657534,302.0,4.0,0.0,1,3
303,Listing 303,4009,Host 303,Ciutat Vella,Sant Pere,41.371567515239775,2.1954266047062347,Entire home/apt,204,3,27,2025-12-04,3.750142060710956,4,161,303,204.67857534246573,23.00867557707155,0.6794520547945205,,0.0,0.0,0,0
304,Listing 304,8806,Host 304,Ciutat Vella,El Raval,41.41588854702327,2.217847742712035,Entire home/apt,426,10,196,2026-04-08,2.658305118822415,1,156,304,430.2060821917808,48.20884776123313,0.6684931506849315,304.0,5.0,0.6,0,0
305,Listing 305,1154,Host 305,Horta-Guinardó,Barri Gòtic,41.38938644056542,2.1177504286385083,Shared room,398,1,190,2025-05-15,2.6889146737068828,2,250,305,396.0646301369863,47.953237079055256,0.7205479452054795,305.0,3.0,1.3333333333333333,2,3
306,Listing 306,2409,Host 306,Horta-Guinardó,Poble Sec,41.41512329770415,2.1614857334544437,Private room,413,11,58,2025-09-27,1.390497575331782,8,96,306,412.11446575342467,48.07558077746087,0.684931506849315,306.0,3.0,1.3333333333333333,1,3
307,Listing 307,1784,Host 307,Gràcia,Sant Pere,41.3606593030308,2.2259703428453426,Private room,190,2,132,2025-08-26,1.0847812293193977,6,17,307,189.02997260273972,21.65986722203464,0.7287671232876712,307.0,6.0,0.5,1,2
308,Listing 308,9096,Host 308,Sants-Montjuïc,La Barceloneta,41.41578453046031,2.1575749427899567,Entire home/apt,222,7,50,2025-06-08,1.4400267296202056,2,326,308,219.99252054794522,25.932941580430086,0.6931506849315069,308.0,5.0,1.4,0,4
309,Listing 309,8560,Host 309,Ciutat Vella,La Barceloneta,41.44994137257707,2.185780840684078,Private room,59,10,148,2025-10-03,2.7816400362853964,6,96,309,58.828136986301374,6.953016290117102,0.6986301369863014,309.0,5.0,0.8,1,0
310,Listing 310,8343,Host 310,Sants-Montjuïc,Sants,41.35482120388605,2.1881654041293297,Entire home/apt,277,2,11,2025-05-18,0.1457759301104449,9,0,310,276.5934520547945,31.398240363763843,0.7397260273972602,310.0,7.0,1.0,0,4
311,Listing 311,8206,Host 311,Sants-Montjuïc,El Raval,41.44771741842214,2.127671437970046,Entire home/apt,314,6,49,2000-01-01,4.536244721782029,7,215,311,314.1773698630137,35.33210997465587,0.6931506849315069,311.0,5.0,0.6,0,4
312,Listing 312,6596,Host 312,Horta-Guinardó,Sant Pere,41.39069079607229,2.154335316247843,Entire home/apt,487,3,131,2026-02-12,0.7814185477488811,9,131,312,485.40115068493157,57.84632436575661,0.6684931506849315,312.0,4.0,0.0,0,3
313,Listing 313,6801,Host 313,Gràcia,Sants,41.437075345033726,2.15017669331129,Entire home/apt,297,4,112,2026-01-19,1.1004433843569328,5,259,313,299.9065753424657,34.20095418384778,0.6821917808219178,313.0,7.0,0.8571428571428571,0,2
314,Listing 314,3806,Host 314,Eixample,Sant Pere,41.42823854840583,2.10392950627981,Entire home/apt,296,11,169,2000-01-01,2.591380882238232,7,124,314,294.58301369863017,33.81839628303514,0.7479452054794521,314.0,5.0,1.2,0,1
315,Listing 315,1537,Host 315,Gràcia,El Raval,41.406701626098666,2.1036287645837035,Entire home/apt,204,13,165,2026-01-04,3.5505738316863966,7,81,315,203.52630136986303,22.7327005538138,0.673972602739726,315.0,4.0,0.75,0,2
316,Listing 316,6986,Host 316,Gràcia,La Barceloneta,41.423844920925134,2.2247545565513662,Shared room,83,8,152,2025-11-01,0.4786452737219865,3,282,316,81.90928767123287,9.332143231508585,0.7123287671232876,,0.0,0.0,2,2
317,Listing 317,2841,Host 317,Sants-Montjuïc,Barri Gòtic,41.43785155613013,2.140960621495922,Shared room,178,3,13,2025-10-10,1.5884734877358109,7,170,317,178.12613698630136,19.996676210977615,0.7068493150684931,,0.0,0.0,2,4
318,Listing 318,9716,Host 318,Gràcia,La Barceloneta,41.390414032165104,2.1777118149358223,Private room,209,10,31,2025-09-19,4.8433730278717855,1,58,318,208.77586301369863,24.082833442714637,0.7068493150684931,318.0,4.0,0.75,1,2
319,Listing 319,7971,Host 319,Ciutat Vella,Sants,41.38270331615632,2.144808836038316,Entire home/apt,138,6,138,2026-03-12,1.3117148339047286,9,31,319,138.59298630136988,15.589269453744786,0.6821917808219178,319.0,1.0,-1.0,0,0
320,Listing 320,6625,Host 320,Sants-Montjuïc,Poble Sec,41.41675933855636,2.241101886767301,Private room,142,1,188,2025-07-20,1.5652507253157344,6,160,320,142.83035616438357,16.86673643446536,0.6821917808219178,320.0,4.0,1.25,1,4
321,Listing 321,3950,Host 321,Ciutat Vella,Barri Gòtic,41.43078459419413,2.1388945138298663,Entire home/apt,376,7,145,2000-01-01,4.182492453090168,5,283,321,376.47605479452056,42.86242581830802,0.6684931506849315,321.0,2.0,0.0,0,0
322,Listing 322,8992,Host 322,Eixample,Sants,41.42622851347767,2.1644485219108405,Private room,290,8,154,2025-12-29,0.2510721584522762,7,105,322,290.56468493150686,33.44275600731412,0.6821917808219178,322.0,5.0,0.6,1,1
323,Listing 323,5780,Host 323,Sants-Montjuïc,El Raval,41.42978136488587,2.2309095375726904,Entire home/apt,372,11,54,2025-05-24,2.323065844044854,5,104,323,369.4548493150685,43.24875383190762,0.7315068493150685,323.0,3.0,0.6666666666666666,0,4
324,Listing 324,3368,Host 324,Eixample,Barri Gòtic,41.393558331481294,2.2262900350187715,Private room,453,8,181,2000-01-01,1.8980838222583516,5,227,324,454.52509589041097,52.161336738375354,0.684931506849315,324.0,6.0,1.0,1,1
325,Listing 325,7655,Host 325,Sants-Montjuïc,Sants,41.4317834216175,2.1279152126769416,Entire home/apt,166,3,119,2000-01-01,1.5829337995432555,7,187,325,164.29635616438355,19.448609971354077,0.6958904109589041,325.0,8.0,0.375,0,4
326,Listing 326,9173,Host 326,Horta-Guinardó,El Raval,41.362020905537065,2.2203964964693568,Private room,143,10,74,2026-04-12,1.4284979702238227,7,69,326,141.28545205479452,17.122704358076614,0.7479452054794521,326.0,4.0,1.25,1,3
327,Listing 327,5495,Host 327,Gràcia,La Barceloneta,41.40444890979609,2.168728033010684,Shared room,212,1,20,2025-12-21,0.456870524302046,3,317,327,212.50950684931507,25.12056290223936,0.6082191780821918,327.0,5.0,1.2,2,2
328,Listing 328,7002,Host 328,Horta-Guinardó,Poble Sec,41.350575866049816,2.172445330812804,Entire home/apt,148,9,171,2000-01-01,1.574129146758244,3,289,328,147.11657534246575,17.334752192320796,0.7013698630136986,328.0,4.0,0.5,0,3
329,Listing 329,7614,Host 329,Eixample,El Raval,41.382458582990026,2.120021995862392,Entire home/apt,162,13,132,2025-07-08,0.2152620135783428,3,86,329,163.2624109589041,19.018221892477975,0.6876712328767123,329.0,4.0,-0.5,0,1
330,Listing 330,6919,Host 330,Gràcia,Sant Pere,41.38664615348714,2.1120902270635686,Shared room,408,6,86,2025-08-27,3.904819318222176,6,361,330,405.3494520547945,46.830463513462526,0.726027397260274,330.0,5.0,0.2,2,2
331,Listing 331,1853,Host 331,Sants-Montjuïc,El Raval,41.38961726916093,2.209190896046065,Entire home/apt,140,11,168,2025-10-16,1.9911389697900583,6,55,331,139.20191780821918,16.740806502551276,0.6767123287671233,331.0,3.0,1.0,0,4
332,Listing 332,5146,Host 332,Gràcia,El Raval,41.41954672066899,2.174469172853295,Private room,395,9,58,2000-01-01,2.2195191615995578,3,112,332,397.5467945205479,45.698045277333236,0.6821917808219178,332.0,1.0,1.0,1,2
333,Listing 333,4769,Host 333,Ciutat Vella,Poble Sec,41.38885581012703,2.165527605392277,Entire home/apt,255,7,88,2026-02-23,4.467972932250658,3,12,333,254.80701369863013,30.093598678824037,0.6931506849315069,333.0,6.0,0.8333333333333334,0,0
334,Listing 334,1574,Host 334,Gràcia,Sant Pere,41.394869362262256,2.2094262342978594,Entire home/apt,66,1,181,2026-01-29,3.290274919306104,8,17,334,66.32350684931507,7.508852817525134,0.7013698630136986,334.0,4.0,0.25,0,2
335,Listing 335,2148,Host 335,Ciutat Vella,Sants,41.37375441308743,2.2148269348486664,Entire home/apt,323,12,149,2026-02-26,0.0402955167105989,8,181,335,326.99501369863015,37.92439886753775,0.7315068493150685,335.0,4.0,1.25,0,0
336,Listing 336,7293,Host 336,Gràcia,Sants,41.387325179162936,2.123836225150403,Entire home/apt,222,12,82,2025-11-14,4.715874114806425,7,112,336,221.58654794520547,25.608671160371248,0.7150684931506849,336.0,7.0,0.7142857142857143,0,2
337,Listing 337,7457,Host 337,Ciutat Vella,El Raval,41.37272696272632,2.1915337724216464,Private room,165,1,64,2025-10-12,1.1857223298885562,4,228,337,166.23235616438356,18.897260817675665,0.6958904109589041,337.0,6.0,0.6666666666666666,1,0
338,Listing 338,8509,Host 338,Eixample,Sant Pere,41.35731959237685,2.1203031123416527,Entire home/apt,398,6,63,2026-01-11,0.5380709237992942,4,170,338,394.6413698630137,44.286128409998696,0.6904109589041096,338.0,4.0,0.75,0,1
339,Listing 339,5777,Host 339,Horta-Guinardó,Sant Pere,41.41034485933814,2.212706262904357,Entire home/apt,230,5,70,2000-01-01,3.8406408919044113,3,294,339,231.14339726027396,25.76814215199414,0.6575342465753424,339.0,2.0,1.5,0,3
340,Listing 340,4854,Host 340,Sants-Montjuïc,Poble Sec,41.41682127985551,2.198543273440071,Entire home/apt,140,9,3,2025-06-05,2.502386579333591,5,188,340,139.78265753424657,15.767670823328181,0.7068493150684931,340.0,1.0,1.0,0,4
341,Listing 341,3491,Host 341,Gràcia,La Barceloneta,41.411949034600966,2.2434921931625187,Entire home/apt,131,2,192,2025-05-01,2.168852830090088,3,78,341,130.43958904109587,14.24870914129718,0.736986301369863,341.0,5.0,0.6,0,2
342,Listing 342,4124,Host 342,Horta-Guinardó,Sants,41.39634940438006,2.1103437024534637,Private room,373,8,142,2025-05-07,1.2475153984137088,8,145,342,377.8531506849315,45.409511876831125,0.6958904109589041,342.0,5.0,1.0,1,3
343,Listing 343,6691,Host 343,Sants-Montjuïc,Poble Sec,41.38797857801792,2.1085582081726884,Shared room,498,11,103,2026-02-20,2.737357449311593,7,181,343,501.9870410958904,56.36308470129195,0.7013698630136986,343.0,4.0,0.75,2,4
344,Listing 344,4051,Host 344,Sants-Montjuïc,Barri Gòtic,41.43633336495719,2.14232806120398,Entire home/apt,163,5,149,2025-07-07,1.3719230260129374,3,285,344,162.32619178082192,18.618208888501233,0.7095890410958904,344.0,3.0,1.3333333333333333,0,4
345,Listing 345,1004,Host 345,Ciutat Vella,Sants,41.40190817851362,2.1392558525603858,Private room,306,2,174,2025-10-27,4.507915026435338,9,249,345,305.5332602739726,37.20179739913151,0.6904109589041096,,0.0,0.0,1,0
346,Listing 346,6222,Host 346,Eixample,Poble Sec,41.397918187762976,2.1370468198608,Private room,107,13,92,2025-05-19,1.0760223986659638,5,353,346,107.14320547945205,12.042122584703446,0.6794520547945205,346.0,2.0,1.5,1,1
347,Listing 347,6315,Host 347,Eixample,Sants,41.352564206580645,2.235938187078156,Entire home/apt,203,10,173,2025-08-06,4.421775752278768,9,313,347,202.13221917808218,23.43560680280256,0.7315068493150685,347.0,2.0,0.5,0,1
348,Listing 348,5869,Host 348,Horta-Guinardó,La Barceloneta,41.38412478276262,2.137431929977426,Shared room,414,11,141,2026-04-16,2.7970271286367847,7,195,348,412.6301643835617,47.335277019600866,0.6876712328767123,348.0,2.0,1.5,2,3
349,Listing 349,1876,Host 349,Eixample,Barri Gòtic,41.388019561878586,2.140792458919295,Entire home/apt,453,11,177,2025-08-15,4.142440669476205,7,322,349,453.84947945205477,53.3329120908555,0.6767123287671233,349.0,4.0,0.0,0,1
350,Listing 350,8027,Host 350,Gràcia,La Barceloneta,41.389882278089694,2.2139097393626948,Entire home/apt,165,12,147,2000-01-01,3.564229979304775,6,70,350,164.9474794520548,18.722789917923638,0.6712328767123288,350.0,3.0,0.3333333333333333,0,2
351,Listing 351,5142,Host 351,Eixample,Barri Gòtic,41.40801723692274,2.167460976367581,Private room,392,6,177,2025-06-01,3.483475557183743,2,247,351,393.17268493150686,44.089059230950255,0.6986301369863014,351.0,5.0,0.6,1,1
352,Listing 352,7966,Host 352,Horta-Guinardó,El Raval,41.40336025467269,2.216506583543277,Entire home/apt,315,10,111,2025-08-30,1.6217290384752787,9,145,352,313.5217808219178,35.60197794937624,0.6657534246575343,352.0,5.0,0.8,0,3
353,Listing 353,8079,Host 353,Eixample,Poble Sec,41.410790509279344,2.1098049236346577,Private room,364,8,160,2025-09-12,1.1694846573610174,6,105,353,364.3991232876712,42.870739781919355,0.7232876712328767,353.0,6.0,0.6666666666666666,1,1
354,Listing 354,8987,Host 354,Gràcia,Barri Gòtic,41.42648832615421,2.173135679051008,Private room,252,4,118,2000-01-01,1.0544311384039406,8,262,354,251.49561643835614,29.564558869889407,0.7013698630136986,354.0,5.0,0.2,1,2
355,Listing 355,7799,Host 355,Ciutat Vella,La Barceloneta,41.431298573871615,2.1050420400274925,Entire home/apt,90,2,58,2025-05-24,4.285958285297943,1,295,355,90.20498630136986,10.879106616941428,0.6958904109589041,355.0,4.0,0.25,0,0
356,Listing 356,5465,Host 356,Horta-Guinardó,Sants,41.42181230762265,2.1093979805183034,Private room,154,12,42,2025-07-21,4.1021341012951,5,69,356,154.69287671232877,18.361272855595146,0.7506849315068493,356.0,5.0,0.6,1,3
357,Listing 357,1635,Host 357,Ciutat Vella,Barri Gòtic,41.4455523695955,2.2359656180016616,Entire home/apt,438,11,11,2025-08-27,2.202867640061537,1,192,357,439.08230136986305,47.26763739271455,0.6493150684931507,357.0,6.0,1.1666666666666667,0,0
358,Listing 358,2693,Host 358,Ciutat Vella,Poble Sec,41.35182325826764,2.1208868056676398,Entire home/apt,427,5,39,2025-06-23,0.662023067482273,8,67,358,425.2252876712329,48.95625760872286,0.7068493150684931,358.0,5.0,0.4,0,0
359,Listing 359,5752,Host 359,Ciutat Vella,Barri Gòtic,41.36957779856836,2.1798631023412827,Private room,242,12,117,2025-12-18,1.911261259887292,8,304,359,241.24794520547945,28.944033489000358,0.736986301369863,359.0,4.0,0.5,1,0
360,Listing 360,9311,Host 360,Sants-Montjuïc,Sant Pere,41.350756287497816,2.161664340390106,Shared room,450,2,19,2026-03-09,3.096717270684557,1,51,360,445.1733424657534,51.727683411350654,0.7232876712328767,,0.0,0.0,2,4
361,Listing 361,1830,Host 361,Sants-Montjuïc,Sants,41.41474747141546,2.1521014989388263,Entire home/apt,327,2,165,2025-09-04,2.2720157723997643,9,362,361,327.1904931506849,37.46923832472786,0.6931506849315069,361.0,1.0,-1.0,0,4
362,Listing 362,6177,Host 362,Ciutat Vella,Poble Sec,41.439803054895,2.234975001853091,Entire home/apt,403,6,130,2025-08-28,3.900946342414975,2,284,362,401.82490410958906,46.73174062297343,0.7424657534246575,362.0,7.0,0.7142857142857143,0,0
363,Listing 363,9932,Host 363,Horta-Guinardó,Poble Sec,41.37434822965764,2.1032735095163235,Private room,286,11,155,2025-05-15,4.988114111256927,9,333,363,283.3281643835616,33.625527042323114,0.684931506849315,363.0,1.0,1.0,1,3
364,Listing 364,9308,Host 364,Gràcia,El Raval,41.442703454479634,2.1995684529263384,Private room,474,10,183,2026-04-08,0.9556604422444842,1,8,364,467.9952602739726,56.13370554379673,0.6821917808219178,364.0,1.0,2.0,1,2
365,Listing 365,6949,Host 365,Gràcia,La Barceloneta,41.35602673902896,2.2445091651320324,Private room,270,9,89,2025-11-07,2.2982540982978623,9,250,365,271.8501095890411,31.926370460125714,0.7205479452054795,365.0,5.0,0.8,1,2
366,Listing 366,3838,Host 366,Eixample,El Raval,41.44344360268055,2.1840252275192764,Entire home/apt,117,13,93,2000-01-01,2.15491950960411,4,331,366,116.37597260273974,13.583399752838066,0.7150684931506849,366.0,3.0,1.3333333333333333,0,1
367,Listing 367,2150,Host 367,Horta-Guinardó,Poble Sec,41.38516226872397,2.240523369304964,Entire home/apt,246,4,12,2025-12-11,1.5224626637447545,9,297,367,247.2961095890411,28.783052747796972,0.7041095890410959,367.0,5.0,0.8,0,3
368,Listing 368,8560,Host 368,Sants-Montjuïc,Sants,41.36014208284492,2.107838681892904,Entire home/apt,305,6,65,2025-06-21,0.990477583601448,7,183,368,304.5150136986301,35.38149676003803,0.7287671232876712,368.0,6.0,0.3333333333333333,0,4
369,Listing 369,2931,Host 369,Ciutat Vella,Barri Gòtic,41.39858717591864,2.162818997861124,Private room,188,7,36,2025-12-02,0.3284605824482961,6,178,369,186.7905205479452,21.864398580288825,0.6575342465753424,369.0,3.0,-0.3333333333333333,1,0
370,Listing 370,2664,Host 370,Eixample,Barri Gòtic,41.375677656772055,2.139023668644308,Entire home/apt,361,13,176,2025-08-01,4.435596586118492,5,197,370,364.02701369863007,41.34751205176304,0.6958904109589041,370.0,1.0,1.0,0,1
371,Listing 371,2081,Host 371,Gràcia,Sants,41.3784872901962,2.209623144747109,Entire home/apt,484,11,65,2026-03-10,2.099243488431588,9,127,371,479.59147945205484,53.88132571672695,0.673972602739726,371.0,3.0,1.3333333333333333,0,2
372,Listing 372,1512,Host 372,Sants-Montjuïc,Poble Sec,41.38072899649263,2.247194563574587,Shared room,198,6,35,2025-09-26,2.4844775925002445,2,19,372,197.90123287671233,23.02232356359905,0.7123287671232876,372.0,3.0,0.3333333333333333,2,4
373,Listing 373,8805,Host 373,Sants-Montjuïc,Barri Gòtic,41.43030258978327,2.138479509366637,Entire home/apt,148,8,181,2025-12-20,4.584710241004579,2,327,373,147.2554794520548,16.829437027492965,0.7342465753424657,373.0,8.0,0.875,0,4
374,Listing 374,6237,Host 374,Ciutat Vella,Barri Gòtic,41.40391612766753,2.198126190221111,Shared room,125,4,25,2025-05-27,3.8814523875797393,9,64,374,125.65331506849314,14.428163991926748,0.7287671232876712,374.0,5.0,0.6,2,0
375,Listing 375,1559,Host 375,Gràcia,Barri Gòtic,41.3811307699156,2.129714644913961,Private room,331,12,74,2025-09-05,0.6525063205859211,3,181,375,332.38794520547947,36.36069823670504,0.7232876712328767,375.0,3.0,1.0,1,2
376,Listing 376,4672,Host 376,Horta-Guinardó,La Barceloneta,41.41103337833109,2.1847995381857417,Private room,420,1,199,2026-03-06,2.827099838038712,8,240,376,419.9390136986301,48.772568116441114,0.6712328767123288,376.0,5.0,0.6,1,3
377,Listing 377,8404,Host 377,Sants-Montjuïc,La Barceloneta,41.42161506742232,2.1695898730032503,Entire home/apt,452,7,107,2025-09-27,2.211261382597796,9,23,377,456.54380821917806,50.61900690904185,0.6767123287671233,377.0,3.0,0.6666666666666666,0,4
378,Listing 378,4343,Host 378,Ciutat Vella,Sant Pere,41.37726240007336,2.2458007994447304,Entire home/apt,158,3,167,2025-11-17,3.986055362893814,8,82,378,155.58408219178082,18.43393484566779,0.6904109589041096,378.0,4.0,0.5,0,0
379,Listing 379,5070,Host 379,Horta-Guinardó,El Raval,41.391354910152536,2.19127909090447,Private room,237,6,42,2025-10-16,3.621162738059746,4,318,379,237.8285479452055,27.256280530920762,0.6767123287671233,379.0,2.0,0.5,1,3
380,Listing 380,1580,Host 380,Gràcia,Sants,41.3621886093337,2.152425955813023,Private room,248,2,149,2025-07-25,3.45202860955536,1,184,380,249.99389041095893,28.31971573142705,0.7452054794520548,380.0,5.0,1.0,1,2
381,Listing 381,8004,Host 381,Sants-Montjuïc,Sants,41.36811493495347,2.11711436773319,Private room,352,9,147,2025-07-15,1.7027241773994843,4,315,381,353.2995890410959,39.559812436303105,0.7095890410958904,381.0,6.0,1.0,1,4
382,Listing 382,9130,Host 382,Horta-Guinardó,Sants,41.4181117853965,2.1226870243102405,Entire home/apt,376,1,7,2025-04-28,4.024818651996273,9,98,382,376.46279452054796,42.273969166524644,0.673972602739726,382.0,7.0,1.2857142857142858,0,3
383,Listing 383,4147,Host 383,Horta-Guinardó,Sant Pere,41.36814383476956,2.133797539492685,Private room,203,6,28,2025-11-17,0.2619564779743061,2,61,383,203.2219178082192,22.725826902443373,0.684931506849315,383.0,3.0,-0.3333333333333333,1,3
384,Listing 384,5249,Host 384,Horta-Guinardó,La Barceloneta,41.40251633836671,2.137644999201045,Private room,89,6,39,2026-02-20,0.7981245071608362,3,285,384,89.73898630136986,10.24463366961148,0.6904109589041096,384.0,4.0,0.0,1,3
385,Listing 385,2679,Host 385,Sants-Montjuïc,Poble Sec,41.420904626172245,2.2275924086761707,Private room,182,5,157,2025-11-12,1.6781163648895587,8,21,385,182.3451780821918,21.017536340591636,0.673972602739726,385.0,3.0,0.6666666666666666,1,4
386,Listing 386,4506,Host 386,Sants-Montjuïc,Poble Sec,41.36068769230948,2.184183418242379,Private room,454,13,127,2000-01-01,0.3840372053464064,6,211,386,453.33282191780825,53.51768662647957,0.726027397260274,386.0,4.0,0.5,1,4
387,Listing 387,8253,Host 387,Eixample,Sant Pere,41.40673122196289,2.178508636706155,Private room,181,5,83,2025-05-04,1.174971387673458,8,125,387,179.52002739726026,20.950906947488548,0.7479452054794521,387.0,6.0,0.5,1,1
388,Listing 388,3744,Host 388,Gràcia,Poble Sec,41.37565627837014,2.1172153307803825,Private room,328,1,115,2000-01-01,4.150754914989591,7,41,388,332.34306849315067,37.77729790115128,0.6684931506849315,388.0,3.0,0.3333333333333333,1,2
389,Listing 389,6188,Host 389,Ciutat Vella,Sants,41.44629268752376,2.229020954002415,Entire home/apt,411,10,182,2025-08-18,4.741257688950396,5,97,389,411.27235616438355,47.74999413651934,0.7013698630136986,389.0,5.0,0.2,0,0
390,Listing 390,3141,Host 390,Horta-Guinardó,El Raval,41.398354564672,2.2084221454812725,Entire home/apt,133,12,143,2025-06-25,1.5230117788709523,9,30,390,132.39290410958904,15.194432533152257,0.673972602739726,390.0,2.0,-1.0,0,3
391,Listing 391,7617,Host 391,Eixample,Barri Gòtic,41.43059925497752,2.110150254285,Entire home/apt,448,5,173,2025-07-28,1.3225790199441911,4,157,391,449.5175616438356,51.204178399048644,0.6931506849315069,391.0,3.0,1.3333333333333333,0,1
392,Listing 392,3479,Host 392,Ciutat Vella,La Barceloneta,41.40502265421563,2.206175264584465,Entire home/apt,291,2,61,2026-03-02,1.3994632612321345,6,111,392,289.96567123287673,33.02490911220858,0.6821917808219178,392.0,3.0,0.6666666666666666,0,0
393,Listing 393,7484,Host 393,Eixample,La Barceloneta,41.35434125328548,2.181530732601397,Entire home/apt,165,7,6,2025-11-22,1.388595436754219,2,246,393,166.06531506849316,19.53421411582729,0.7287671232876712,393.0,6.0,0.5,0,1
394,Listing 394,8421,Host 394,Sants-Montjuïc,Sant Pere,41.4133151375594,2.112258801862017,Entire home/apt,158,3,44,2026-01-21,0.1796509109298649,2,121,394,158.2648493150685,18.133561268451444,0.6904109589041096,394.0,5.0,-0.6,0,4
395,Listing 395,5452,Host 395,Horta-Guinardó,La Barceloneta,41.44514033422067,2.1687450962292987,Entire home/apt,270,13,186,2025-04-25,4.63458173165554,2,272,395,268.9709315068493,30.95159408822813,0.6904109589041096,395.0,2.0,-1.0,0,3
396,Listing 396,6881,Host 396,Ciutat Vella,Sants,41.41016118201463,2.1727044430695077,Entire home/apt,441,4,183,2025-12-03,1.068490707851642,7,293,396,437.4853150684932,51.01000580818982,0.663013698630137,396.0,5.0,1.0,0,0
397,Listing 397,7665,Host 397,Ciutat Vella,Poble Sec,41.43191888594268,2.1248661810244918,Private room,90,3,175,2000-01-01,2.100020370407025,2,206,397,89.7695890410959,10.58551161490696,0.6821917808219178,397.0,5.0,0.4,1,0
398,Listing 398,3849,Host 398,Ciutat Vella,Sants,41.43842064633484,2.2418547220500424,Shared room,417,3,154,2000-01-01,0.0484344137048387,2,109,398,420.2119452054794,48.57695764519353,0.6904109589041096,398.0,3.0,-0.3333333333333333,2,0
399,Listing 399,8390,Host 399,Ciutat Vella,Sant Pere,41.372807977194896,2.227496305722099,Entire home/apt,196,4,180,2026-02-17,4.2897754545752855,9,277,399,197.61386301369862,22.49551067869918,0.7178082191780822,399.0,3.0,1.0,0,0
400,Listing 400,7905,Host 400,Ciutat Vella,Sants,41.37120448399082,2.200353350599366,Shared room,161,5,87,2025-08-14,3.655786722274586,7,55,400,162.0684109589041,18.889336828477067,0.7205479452054795,400.0,3.0,0.3333333333333333,2,0
401,Listing 401,3489,Host 401,Eixample,Poble Sec,41.4110980988851,2.1693443341500918,Entire home/apt,152,1,72,2000-01-01,4.733780175868516,3,56,401,152.92405479452054,17.14360100712493,0.6904109589041096,401.0,2.0,1.0,0,1
402,Listing 402,5611,Host 402,Horta-Guinardó,El Raval,41.39110284698067,2.1617648312376763,Entire home/apt,95,4,162,2000-01-01,3.908077395981995,3,290,402,94.64764383561644,10.808800389581142,0.6904109589041096,402.0,6.0,0.3333333333333333,0,3
403,Listing 403,3839,Host 403,Sants-Montjuïc,Sant Pere,41.43398613028668,2.1976460200726438,Entire home/apt,461,12,178,2025-08-20,1.5685325602603262,7,113,403,466.3197534246575,53.80318933001921,0.6876712328767123,403.0,2.0,1.0,0,4
404,Listing 404,9527,Host 404,Sants-Montjuïc,El Raval,41.44000231233981,2.181814780411036,Entire home/apt,373,12,36,2026-01-18,1.2393667936421182,5,307,404,372.911698630137,43.567921873065025,0.7150684931506849,404.0,4.0,-0.5,0,4
405,Listing 405,6878,Host 405,Sants-Montjuïc,Barri Gòtic,41.38534213793027,2.109340965882283,Private room,427,11,118,2025-12-14,3.4885815377664646,6,340,405,427.101397260274,48.886616384280885,0.7232876712328767,405.0,5.0,0.8,1,4
406,Listing 406,7303,Host 406,Sants-Montjuïc,El Raval,41.37368705589745,2.1768753973155497,Private room,320,8,56,2025-08-21,1.820563875052497,8,197,406,319.539698630137,36.21507566854109,0.6986301369863014,,0.0,0.0,1,4
407,Listing 407,1851,Host 407,Eixample,Barri Gòtic,41.42805255152439,2.220960542584926,Entire home/apt,470,10,7,2000-01-01,2.831075078763083,9,320,407,470.7588493150685,56.61053830360502,0.7095890410958904,407.0,3.0,0.3333333333333333,0,1
408,Listing 408,2687,Host 408,Gràcia,Barri Gòtic,41.377480603554815,2.168885981639544,Entire home/apt,434,7,94,2000-01-01,0.0312873551323511,1,178,408,432.5285479452055,48.84261970665395,0.7205479452054795,408.0,4.0,0.0,0,2
409,Listing 409,7833,Host 409,Horta-Guinardó,El Raval,41.43226143185137,2.1077934866331405,Entire home/apt,244,9,116,2025-07-01,0.3094285084023762,3,218,409,244.57660273972604,28.131245669760354,0.6986301369863014,409.0,5.0,-0.2,0,3
410,Listing 410,3427,Host 410,Ciutat Vella,Sant Pere,41.39237382536488,2.217941729907605,Entire home/apt,416,5,109,2026-03-26,2.676839705908256,7,276,410,418.4649315068493,49.74117022872819,0.6904109589041096,410.0,6.0,0.3333333333333333,0,0
411,Listing 411,5000,Host 411,Gràcia,Poble Sec,41.41675498992915,2.1302045673203964,Entire home/apt,329,13,19,2000-01-01,2.8303582322408256,6,15,411,330.86539726027394,37.92628687927272,0.6712328767123288,411.0,4.0,-1.0,0,2
412,Listing 412,6052,Host 412,Sants-Montjuïc,Sants,41.35955353138347,2.1387931252332057,Entire home/apt,332,10,123,2025-11-18,3.757264722296718,7,60,412,333.368602739726,40.28990937217559,0.6876712328767123,412.0,7.0,0.14285714285714285,0,4
413,Listing 413,3738,Host 413,Gràcia,Sants,41.41238593246766,2.1247059530148444,Private room,89,4,52,2000-01-01,0.6598265981198087,8,53,413,89.41950684931507,9.96235230718117,0.7342465753424657,413.0,2.0,1.0,1,2
414,Listing 414,6732,Host 414,Horta-Guinardó,Poble Sec,41.39517676787373,2.1495322597307247,Shared room,496,8,118,2025-07-11,2.565915418783894,6,167,414,498.3442465753424,56.320721952073455,0.6712328767123288,414.0,3.0,1.3333333333333333,2,3
415,Listing 415,6387,Host 415,Ciutat Vella,Barri Gòtic,41.40866084631755,2.2135127258532954,Entire home/apt,238,9,11,2025-06-16,0.972238222158443,3,25,415,237.74232876712327,27.66730894751257,0.7068493150684931,415.0,4.0,0.0,0,0
416,Listing 416,9002,Host 416,Ciutat Vella,Barri Gòtic,41.366801420774486,2.177907878925591,Shared room,213,13,176,2025-06-10,0.4659805978134734,2,335,416,212.7952328767123,24.135994340745523,0.6794520547945205,416.0,5.0,-0.2,2,0
417,Listing 417,6536,Host 417,Horta-Guinardó,Sant Pere,41.42368737449442,2.130732191122607,Entire home/apt,73,7,16,2025-07-29,2.052478970302773,7,64,417,72.6247397260274,8.572176672983392,0.7095890410958904,417.0,5.0,1.4,0,3
418,Listing 418,4913,Host 418,Horta-Guinardó,La Barceloneta,41.43627970775432,2.2316745117228063,Entire home/apt,73,7,63,2025-09-08,0.8166832404452862,1,99,418,73.1998904109589,8.332380007018632,0.7150684931506849,418.0,2.0,0.0,0,3
419,Listing 419,2066,Host 419,Sants-Montjuïc,El Raval,41.37167398000908,2.2319372782427296,Entire home/apt,53,5,41,2025-06-25,1.108909890961593,3,73,419,53.81753424657535,6.1203275474415815,0.6602739726027397,419.0,3.0,-0.3333333333333333,0,4
420,Listing 420,8723,Host 420,Ciutat Vella,Barri Gòtic,41.359571455552015,2.230586763756901,Private room,372,4,93,2025-11-17,1.5877728993475086,4,191,420,372.25901369863016,42.69147721790047,0.736986301369863,420.0,5.0,0.2,1,0
421,Listing 421,5380,Host 421,Gràcia,Sants,41.35236385860463,2.135819431707231,Shared room,339,10,156,2026-03-23,1.2969420037159811,1,170,421,338.8618082191781,39.22206056778377,0.736986301369863,421.0,2.0,1.0,2,2
422,Listing 422,5107,Host 422,Eixample,Sant Pere,41.41419715004433,2.167685901627148,Private room,490,1,146,2026-03-03,0.437956487029732,5,272,422,487.41758904109594,58.39596995348798,0.7095890410958904,422.0,4.0,0.5,1,1
423,Listing 423,6726,Host 423,Eixample,El Raval,41.41070940360888,2.2477484484211314,Entire home/apt,482,10,10,2026-01-06,0.4495812242985114,3,186,423,479.64931506849314,57.046713028769,0.6684931506849315,423.0,2.0,1.0,0,1
424,Listing 424,4373,Host 424,Horta-Guinardó,Sant Pere,41.40466974127141,2.2158018714464984,Private room,230,10,97,2025-12-08,0.9662470761708408,2,22,424,230.69531506849313,27.013278556586478,0.6904109589041096,424.0,5.0,-0.2,1,3
425,Listing 425,9945,Host 425,Sants-Montjuïc,El Raval,41.3731947096116,2.1040751131838342,Entire home/apt,297,7,177,2026-02-01,0.2527959397976947,3,180,425,293.3621917808219,33.812551324190714,0.6794520547945205,425.0,2.0,0.0,0,4
426,Listing 426,3082,Host 426,Eixample,El Raval,41.38909059959055,2.109780688689074,Private room,165,1,70,2025-07-14,3.1322850983846355,8,326,426,165.158,18.729114099312206,0.6657534246575343,426.0,6.0,1.1666666666666667,1,1
427,Listing 427,9967,Host 427,Ciutat Vella,Poble Sec,41.40944763351862,2.16958970652185,Entire home/apt,328,1,107,2000-01-01,1.4366335825445098,6,107,427,325.64621917808216,36.73267516363468,0.726027397260274,427.0,3.0,0.3333333333333333,0,0
428,Listing 428,7748,Host 428,Horta-Guinardó,Barri Gòtic,41.39967668588592,2.236383030879234,Entire home/apt,414,5,57,2000-01-01,1.398729838845355,7,334,428,415.04323287671235,48.66228356455953,0.7397260273972602,428.0,2.0,1.5,0,3
429,Listing 429,1417,Host 429,Gràcia,Sant Pere,41.44877855202149,2.180805269692907,Entire home/apt,118,13,33,2025-06-22,1.659991471188826,6,161,429,118.30624657534246,13.715427400747942,0.6821917808219178,429.0,4.0,0.75,0,2
430,Listing 430,9306,Host 430,Horta-Guinardó,Sant Pere,41.36364397525568,2.174671876205144,Private room,400,9,19,2026-04-06,3.3139813710486083,6,301,430,401.3258630136986,46.353077047747,0.684931506849315,430.0,2.0,1.5,1,3
431,Listing 431,9808,Host 431,Gràcia,Poble Sec,41.41951445540476,2.1158210549934946,Entire home/apt,303,6,49,2025-04-26,4.353169407417453,3,205,431,304.17339726027393,34.50540643206944,0.6904109589041096,431.0,3.0,1.0,0,2
432,Listing 432,4974,Host 432,Horta-Guinardó,Sants,41.39043187681043,2.198517015708644,Private room,230,3,101,2025-09-02,3.795434662778192,8,77,432,229.03380821917807,26.136947554957352,0.7232876712328767,432.0,1.0,1.0,1,3
433,Listing 433,4267,Host 433,Horta-Guinardó,Sants,41.39281996149256,2.223315474090034,Entire home/apt,367,13,137,2000-01-01,3.637646151125475,7,15,433,370.2399726027397,42.608091151712664,0.684931506849315,433.0,8.0,0.5,0,3
434,Listing 434,1825,Host 434,Horta-Guinardó,Barri Gòtic,41.42175977656582,2.1570630011261342,Private room,218,3,159,2025-12-08,2.4219559280042464,7,326,434,219.43684931506849,25.765970129111476,0.6958904109589041,434.0,4.0,0.75,1,3
435,Listing 435,8668,Host 435,Gràcia,Barri Gòtic,41.41924361513244,2.216341777638799,Private room,362,7,51,2025-06-06,3.469027784837059,6,95,435,359.63597260273974,40.65160859379346,0.7342465753424657,435.0,3.0,0.3333333333333333,1,2
436,Listing 436,6745,Host 436,Gràcia,La Barceloneta,41.44912559937022,2.244671498085122,Private room,298,6,14,2026-01-11,2.763811840167916,5,146,436,296.83109589041095,34.601416599091095,0.7041095890410959,436.0,7.0,0.2857142857142857,1,2
437,Listing 437,1412,Host 437,Horta-Guinardó,Poble Sec,41.36283942894541,2.130564968869153,Entire home/apt,237,9,83,2025-07-18,1.0812526409326444,8,1,437,236.47238356164382,28.171903743123522,0.7205479452054795,437.0,1.0,2.0,0,3
438,Listing 438,8543,Host 438,Eixample,Sants,41.36041096493842,2.178499444679211,Entire home/apt,103,6,130,2026-02-05,1.0429418387052536,5,9,438,103.05775342465753,11.483324981526097,0.6986301369863014,438.0,4.0,0.0,0,1
439,Listing 439,8587,Host 439,Sants-Montjuïc,El Raval,41.42243388171288,2.143070693712686,Entire home/apt,375,5,36,2026-02-09,1.4819600343764172,9,124,439,375.8756438356164,45.22035849543008,0.6986301369863014,439.0,4.0,0.5,0,4
440,Listing 440,1728,Host 440,Sants-Montjuïc,Sant Pere,41.40783869170064,2.218928162855076,Private room,406,10,125,2000-01-01,4.554013354849066,9,80,440,403.9379452054795,47.66598506592181,0.6602739726027397,440.0,1.0,1.0,1,4
441,Listing 441,8164,Host 441,Sants-Montjuïc,Barri Gòtic,41.37741606665598,2.1866390048821738,Entire home/apt,362,7,39,2000-01-01,2.737074201898629,1,139,441,359.707397260274,41.952942241428424,0.6986301369863014,441.0,3.0,0.3333333333333333,0,4
442,Listing 442,9867,Host 442,Gràcia,Sant Pere,41.3579419368989,2.195187362632545,Entire home/apt,187,1,71,2025-07-05,3.669526885009347,6,325,442,185.9582191780822,21.123024346296774,0.673972602739726,442.0,10.0,0.7,0,2
443,Listing 443,6988,Host 443,Gràcia,Sant Pere,41.35856582495965,2.2196871239423843,Entire home/apt,217,12,39,2025-09-10,1.732793799082738,7,149,443,216.37367123287672,25.63972677764477,0.736986301369863,443.0,4.0,1.0,0,2
444,Listing 444,3504,Host 444,Eixample,La Barceloneta,41.43941908746641,2.159395570899368,Entire home/apt,440,7,55,2000-01-01,2.0385788533261264,3,287,444,438.514602739726,50.83255213177001,0.6821917808219178,444.0,4.0,1.25,0,1
445,Listing 445,3967,Host 445,Sants-Montjuïc,Sants,41.369186732471874,2.2372635102610565,Private room,152,3,150,2025-04-29,0.6278278931862569,7,360,445,150.9609315068493,17.51281416902841,0.7232876712328767,445.0,3.0,0.6666666666666666,1,4
446,Listing 446,3786,Host 446,Sants-Montjuïc,Barri Gòtic,41.38233715621156,2.179954330086921,Entire home/apt,471,9,103,2025-12-04,0.8564747891083518,7,339,446,468.2516712328767,55.406521110244476,0.7424657534246575,446.0,5.0,0.8,0,4
447,Listing 447,2122,Host 447,Horta-Guinardó,Sant Pere,41.3726656402227,2.123693223425302,Private room,134,6,138,2025-08-13,4.136782774130728,2,128,447,134.86624657534247,14.599221072647833,0.7013698630136986,447.0,5.0,1.2,1,3
448,Listing 448,5079,Host 448,Gràcia,Barri Gòtic,41.3854996305832,2.2043848677253206,Entire home/apt,366,9,109,2025-06-20,2.9241931584444103,7,238,448,364.3143835616438,44.650218481009986,0.7095890410958904,448.0,6.0,0.0,0,2
449,Listing 449,2571,Host 449,Sants-Montjuïc,El Raval,41.35694238427461,2.218989202565738,Entire home/apt,261,13,191,2000-01-01,1.6876623294190949,1,57,449,262.05706849315067,30.247432938179937,0.6684931506849315,449.0,3.0,0.6666666666666666,0,4
450,Listing 450,6073,Host 450,Eixample,La Barceloneta,41.40190597909083,2.147514251560129,Entire home/apt,52,5,135,2025-11-08,4.01425604497773,5,197,450,52.18328767123288,6.094778357533394,0.7150684931506849,450.0,3.0,1.0,0,1
451,Listing 451,6104,Host 451,Eixample,El Raval,41.35676125635922,2.2285768885498127,Entire home/apt,433,7,92,2026-04-09,1.232599528189915,9,210,451,436.35339726027394,49.83065167814559,0.726027397260274,451.0,5.0,1.0,0,1
452,Listing 452,3143,Host 452,Sants-Montjuïc,Barri Gòtic,41.43003565078224,2.235921488214865,Entire home/apt,228,13,93,2000-01-01,4.880163493001019,7,44,452,227.6135890410959,27.10583954350282,0.6520547945205479,452.0,1.0,-1.0,0,4
453,Listing 453,7806,Host 453,Gràcia,Barri Gòtic,41.373371208191045,2.1415356731066715,Private room,391,4,55,2025-07-02,1.7240880387308488,7,96,453,391.44463013698635,44.602888614233315,0.6904109589041096,453.0,3.0,0.3333333333333333,1,2
454,Listing 454,8357,Host 454,Eixample,Sants,41.40400119146045,2.247528220907283,Entire home/apt,352,7,59,2026-04-12,1.686554770756138,2,278,454,353.31531506849313,37.576014506303515,0.6657534246575343,454.0,2.0,1.0,0,1
455,Listing 455,4440,Host 455,Horta-Guinardó,Sant Pere,41.43800790875615,2.121106729207314,Private room,381,13,137,2025-05-13,1.559559527683526,8,22,455,383.12068493150684,42.25250483922726,0.7123287671232876,455.0,4.0,1.0,1,3
456,Listing 456,4766,Host 456,Eixample,Sant Pere,41.41508773690472,2.130302350260373,Entire home/apt,87,1,38,2025-07-01,0.6105575796214396,3,334,456,87.24621917808219,10.336129738630747,0.7068493150684931,456.0,1.0,2.0,0,1
457,Listing 457,6644,Host 457,Ciutat Vella,El Raval,41.403295778655135,2.127633725885704,Entire home/apt,469,7,27,2000-01-01,0.555685736660062,8,43,457,462.7734520547945,52.85059978270102,0.6767123287671233,457.0,3.0,1.0,0,0
458,Listing 458,3914,Host 458,Ciutat Vella,La Barceloneta,41.38243337531154,2.2340984565011808,Private room,288,8,48,2025-08-25,3.240525172670617,3,26,458,289.78312328767123,33.40275945366449,0.6876712328767123,458.0,5.0,0.6,1,0
459,Listing 459,5968,Host 459,Gràcia,Poble Sec,41.38330019130582,2.1981438828487443,Entire home/apt,218,5,163,2025-09-08,4.375590222790235,7,281,459,219.2193424657534,25.521197515856972,0.7232876712328767,459.0,4.0,0.5,0,2
460,Listing 460,6917,Host 460,Sants-Montjuïc,Sant Pere,41.41694869551982,2.122815642483341,Entire home/apt,446,2,124,2026-01-20,3.952602551358368,2,96,460,442.1253972602739,53.050955565841555,0.726027397260274,460.0,4.0,0.0,0,4
461,Listing 461,9787,Host 461,Gràcia,Sants,41.44941393612212,2.1660485127552525,Entire home/apt,392,5,12,2025-09-11,0.7055379701067555,4,35,461,388.56531506849313,43.89889456694678,0.6794520547945205,461.0,8.0,0.5,0,2
462,Listing 462,1728,Host 462,Gràcia,El Raval,41.41618391898494,2.1922947037604703,Entire home/apt,363,6,35,2025-08-14,2.7279106089603324,6,108,462,361.4104383561644,40.91677844172332,0.6575342465753424,462.0,4.0,1.25,0,2
463,Listing 463,2365,Host 463,Gràcia,El Raval,41.405778341737005,2.1125196127484074,Private room,355,12,100,2025-08-25,0.5279577298832,9,54,463,355.05219178082194,40.21658323578624,0.6904109589041096,463.0,4.0,0.5,1,2
464,Listing 464,5492,Host 464,Gràcia,Poble Sec,41.423065051023926,2.232362455261101,Entire home/apt,79,2,25,2025-11-03,0.2264732180653872,5,191,464,78.8637808219178,9.050611081072924,0.7068493150684931,464.0,6.0,0.3333333333333333,0,2
465,Listing 465,1698,Host 465,Horta-Guinardó,Sants,41.39652056122837,2.22054053031623,Private room,239,6,85,2026-02-28,3.281929296923836,9,218,465,236.47600000000003,27.710650071094268,0.6438356164383562,465.0,1.0,-1.0,1,3
466,Listing 466,8186,Host 466,Horta-Guinardó,La Barceloneta,41.35601423426008,2.175781016036496,Private room,406,6,3,2025-11-05,2.675761668401752,5,184,466,408.6083561643835,49.12312655638886,0.7178082191780822,466.0,4.0,0.25,1,3
467,Listing 467,1395,Host 467,Eixample,Sants,41.4062296815878,2.245068992288876,Entire home/apt,74,1,81,2025-08-12,0.4101184260573542,8,68,467,73.91805479452054,8.702028612628858,0.7041095890410959,467.0,2.0,1.0,0,1
468,Listing 468,8400,Host 468,Ciutat Vella,La Barceloneta,41.445762528450544,2.162664146891265,Shared room,161,1,191,2025-09-29,0.1746962320299422,1,316,468,160.70306849315068,19.046540048293025,0.7095890410958904,468.0,4.0,1.5,2,0
469,Listing 469,9082,Host 469,Gràcia,Sants,41.36753029423577,2.2476165478554746,Entire home/apt,460,11,165,2025-07-15,4.948782067046674,7,129,469,461.21394520547943,52.797628009254176,0.6904109589041096,469.0,5.0,-0.6,0,2
470,Listing 470,5171,Host 470,Eixample,Sants,41.41900048908207,2.200187999820544,Shared room,484,10,126,2000-01-01,0.1501066607453594,4,54,470,485.40846575342465,56.23542516282788,0.6986301369863014,470.0,2.0,1.0,2,1
471,Listing 471,5360,Host 471,Ciutat Vella,Barri Gòtic,41.37009336886591,2.1952006909880915,Entire home/apt,255,3,87,2000-01-01,2.222641265250798,5,96,471,255.88372602739724,29.924378413614825,0.6767123287671233,471.0,4.0,0.75,0,0
472,Listing 472,3502,Host 472,Sants-Montjuïc,El Raval,41.40358276844731,2.124893234294368,Private room,234,10,126,2026-02-22,2.5230951230384777,6,335,472,233.85249315068495,27.665827377496036,0.7287671232876712,472.0,4.0,-0.5,1,4
473,Listing 473,1717,Host 473,Horta-Guinardó,Sants,41.359667644964674,2.2322891637456967,Entire home/apt,431,10,119,2025-09-28,0.5864007390022252,5,86,473,433.07131506849316,49.13383876161782,0.7178082191780822,473.0,3.0,0.3333333333333333,0,3
474,Listing 474,3782,Host 474,Ciutat Vella,Poble Sec,41.395037093625824,2.1641234531880924,Entire home/apt,428,12,21,2026-04-22,0.8453088921985813,1,293,474,427.1610684931507,48.79999112443869,0.6986301369863014,474.0,6.0,0.6666666666666666,0,0
475,Listing 475,5946,Host 475,Sants-Montjuïc,Sants,41.425616332889525,2.124335010867372,Private room,96,3,129,2025-07-19,1.7590250320517624,9,118,475,95.68016438356165,11.414843116727328,0.6986301369863014,475.0,1.0,1.0,1,4
476,Listing 476,6486,Host 476,Ciutat Vella,Sant Pere,41.3847571524239,2.101891127996364,Private room,423,4,30,2026-03-26,3.808379381068313,2,207,476,423.7867671232877,48.74954814062794,0.684931506849315,476.0,3.0,1.6666666666666667,1,0
477,Listing 477,9335,Host 477,Horta-Guinardó,El Raval,41.41649117244872,2.1839633525457574,Entire home/apt,277,2,118,2000-01-01,2.5354121203013333,9,333,477,279.37783561643835,31.5970940289104,0.7123287671232876,477.0,3.0,0.3333333333333333,0,3
478,Listing 478,5980,Host 478,Horta-Guinardó,Sant Pere,41.429544996078974,2.1791099433184016,Entire home/apt,88,9,10,2025-08-10,3.189509372764808,2,153,478,88.68758904109589,10.031877772572571,0.6931506849315069,478.0,7.0,0.8571428571428571,0,3
479,Listing 479,8266,Host 479,Eixample,El Raval,41.44271778194795,2.207903043355374,Private room,65,10,45,2026-03-27,4.9258727754533735,9,34,479,65.59520547945205,7.310354448944368,0.736986301369863,479.0,7.0,0.7142857142857143,1,1
480,Listing 480,5491,Host 480,Gràcia,Sant Pere,41.373464208185545,2.2335387079526705,Private room,71,12,95,2025-07-15,3.840027176566048,6,78,480,70.94575342465754,8.208047096407023,0.7205479452054795,480.0,5.0,0.2,1,2
481,Listing 481,8192,Host 481,Ciutat Vella,Sants,41.38993159158093,2.1119109876964544,Shared room,262,11,189,2000-01-01,2.1718074907060885,9,66,481,261.74808219178084,29.953263799559018,0.7095890410958904,481.0,3.0,0.0,2,0
482,Listing 482,6588,Host 482,Ciutat Vella,Sants,41.36524160133305,2.2097244735510544,Private room,359,7,196,2025-04-30,2.2322096089827435,6,342,482,356.8492876712329,42.69580024817257,0.6712328767123288,482.0,3.0,-0.3333333333333333,1,0
483,Listing 483,8651,Host 483,Sants-Montjuïc,Barri Gòtic,41.44924835021584,2.128111791614637,Shared room,198,7,191,2026-04-08,3.093860385205025,6,33,483,197.96501369863012,22.338597229177,0.7205479452054795,483.0,2.0,-1.0,2,4
484,Listing 484,4636,Host 484,Horta-Guinardó,Poble Sec,41.44270009679244,2.2287265579735744,Private room,290,6,9,2025-06-15,3.3268260420945217,2,96,484,291.5451780821918,32.69654706344456,0.6904109589041096,484.0,5.0,0.6,1,3
485,Listing 485,2167,Host 485,Ciutat Vella,Sant Pere,41.40399571302806,2.2228595270792484,Entire home/apt,321,3,167,2025-04-24,2.5035546291833564,8,168,485,322.86586301369863,37.477389881684935,0.6520547945205479,485.0,5.0,0.6,0,0
486,Listing 486,2062,Host 486,Horta-Guinardó,La Barceloneta,41.43420332943764,2.181119063247832,Entire home/apt,108,6,127,2000-01-01,3.2243061140749,3,168,486,107.78517808219178,12.753349195259322,0.7150684931506849,486.0,8.0,0.75,0,3
487,Listing 487,3156,Host 487,Ciutat Vella,Barri Gòtic,41.402095797727206,2.2065364197934967,Private room,336,12,151,2025-07-14,0.1176624720704938,7,150,487,334.3299452054795,39.59666978722766,0.673972602739726,487.0,4.0,0.5,1,0
488,Listing 488,8860,Host 488,Eixample,Sant Pere,41.41235856880028,2.1471525169775623,Private room,475,8,98,2025-12-28,2.1481143194842205,5,70,488,476.20616438356166,55.64710805825966,0.6657534246575343,488.0,4.0,0.75,1,1
489,Listing 489,6161,Host 489,Gràcia,Sant Pere,41.3589124432116,2.170675184839922,Entire home/apt,251,8,171,2026-02-23,1.3946903803673838,3,2,489,252.04005479452053,28.762739069640034,0.684931506849315,489.0,2.0,1.0,0,2
490,Listing 490,6305,Host 490,Ciutat Vella,Barri Gòtic,41.42552704204968,2.223245534656571,Entire home/apt,81,11,111,2026-02-21,0.645872226215552,1,313,490,81.8552602739726,9.404150022097445,0.7041095890410959,490.0,1.0,1.0,0,0
491,Listing 491,7541,Host 491,Horta-Guinardó,Sants,41.36277134836352,2.168889779575982,Shared room,492,13,59,2026-02-03,0.4977325640438756,8,31,491,498.3084109589041,55.43657186564898,0.6794520547945205,491.0,1.0,1.0,2,3
492,Listing 492,5729,Host 492,Eixample,Sant Pere,41.432606763025255,2.1536697397988163,Entire home/apt,211,9,189,2025-11-24,3.0159608280733377,3,286,492,212.6435068493151,24.63019123120656,0.6465753424657534,492.0,5.0,0.6,0,1
493,Listing 493,8330,Host 493,Ciutat Vella,Sants,41.42820280876704,2.174131867087545,Entire home/apt,304,1,86,2025-12-04,2.618002735763058,2,81,493,305.10687671232876,34.991427727289135,0.6958904109589041,493.0,5.0,0.2,0,0
494,Listing 494,6334,Host 494,Sants-Montjuïc,Barri Gòtic,41.4208744697743,2.224237387865583,Entire home/apt,303,1,144,2025-08-18,1.2679205849818458,1,42,494,300.72079452054794,35.87071681631764,0.7095890410958904,494.0,3.0,0.3333333333333333,0,4
495,Listing 495,9924,Host 495,Gràcia,Sants,41.35361603805248,2.150281207105631,Entire home/apt,58,3,64,2025-12-19,2.3547502938625726,4,104,495,58.02369863013699,6.711075049164636,0.6821917808219178,495.0,4.0,0.0,0,2
496,Listing 496,5330,Host 496,Ciutat Vella,El Raval,41.38031283559454,2.1260642389703617,Entire home/apt,188,3,56,2026-02-07,2.4611615759120413,8,0,496,187.6672602739726,22.398116290268714,0.6575342465753424,496.0,5.0,0.2,0,0
497,Listing 497,9010,Host 497,Eixample,La Barceloneta,41.37631125699109,2.206802103049617,Entire home/apt,59,10,182,2025-06-20,0.975044902193079,3,60,497,59.24016438356164,6.8947559683438895,0.6986301369863014,497.0,3.0,1.3333333333333333,0,1
498,Listing 498,7801,Host 498,Sants-Montjuïc,Sant Pere,41.38601364074715,2.2238967319062124,Entire home/apt,263,8,105,2026-02-12,3.260465309408253,1,269,498,264.4410684931507,31.490411321128644,0.7095890410958904,498.0,6.0,0.6666666666666666,0,4
499,Listing 499,5846,Host 499,Eixample,Poble Sec,41.35876427467638,2.11509562177853,Private room,322,10,180,2025-12-02,3.904596781930452,4,179,499,319.89591780821917,35.394092968758756,0.7424657534246575,499.0,2.0,0.5,1,1
500,Listing 500,7731,Host 500,Eixample,La Barceloneta,41.44369578230311,2.135981116913392,Entire home/apt,373,1,183,2025-09-22,3.957317704447595,9,223,500,374.1338356164384,42.26865543757426,0.7095890410958904,,0.0,0.0,0,1
