listing_id,id,date,reviewer_id,reviewer_name,comments
6,1,2025-07-14,71313,Reviewer 1,Host was very helpful.
103,2,2025-06-03,44160,Reviewer 2,Excellent location.
10,3,2025-05-23,16789,Reviewer 3,Great place!
71,4,2026-04-15,37181,Reviewer 4,Not as described.
90,5,2025-11-21,24385,Reviewer 5,Would stay again.
226,6,2025-12-17,92597,Reviewer 6,Would stay again.
158,7,2026-03-30,75641,Reviewer 7,Host was very helpful.
228,8,2026-04-14,54247,Reviewer 8,Excellent location.
405,9,2025-08-14,96673,Reviewer 9,Not as described.
126,10,2026-01-20,15544,Reviewer 10,Great place!
444,11,2025-08-05,23275,Reviewer 11,Excellent location.
209,12,2026-01-29,73248,Reviewer 12,Disappointed with the experience.
97,13,2025-11-12,44550,Reviewer 13,Disappointed with the experience.
74,14,2025-11-06,63693,Reviewer 14,Host was very helpful.
115,15,2025-06-21,29641,Reviewer 15,Disappointed with the experience.
191,16,2025-10-26,81749,Reviewer 16,Host was very helpful.
495,17,2025-08-12,90021,Reviewer 17,Not as described.
170,18,2025-10-30,25605,Reviewer 18,Would stay again.
307,19,2025-08-25,60713,Reviewer 19,Excellent location.
448,20,2025-10-18,30390,Reviewer 20,Excellent location.
204,21,2025-12-30,85403,Reviewer 21,Clean and comfortable.
56,22,2025-11-16,68466,Reviewer 22,Excellent location.
208,23,2026-02-25,13981,Reviewer 23,Not as described.
41,24,2026-03-29,19493,Reviewer 24,Disappointed with the experience.
32,25,2025-12-12,81218,Reviewer 25,Would stay again.
15,26,2025-12-10,81318,Reviewer 26,Great place!
62,27,2025-05-14,26984,Reviewer 27,Disappointed with the experience.
155,28,2026-02-26,32760,Reviewer 28,Host was very helpful.
284,29,2026-01-08,11524,Reviewer 29,Would stay again.
209,30,2025-05-06,59402,Reviewer 30,Clean and comfortable.
320,31,2026-03-23,75614,Reviewer 31,Host was very helpful.
494,32,2025-09-18,45891,Reviewer 32,Great place!
187,33,2026-01-08,49832,Reviewer 33,Clean and comfortable.
498,34,2025-12-11,55836,Reviewer 34,Clean and comfortable.
442,35,2026-02-04,83953,Reviewer 35,Would stay again.
130,36,2026-02-03,23362,Reviewer 36,Not as described.
127,37,2025-08-21,76745,Reviewer 37,Disappointed with the experience.
292,38,2026-02-08,47921,Reviewer 38,Great place!
114,39,2026-03-23,80434,Reviewer 39,Clean and comfortable.
199,40,2026-04-16,28562,Reviewer 40,Excellent location.
13,41,2026-03-02,74510,Reviewer 41,Disappointed with the experience.
271,42,2025-07-04,86407,Reviewer 42,Great place!
89,43,2025-05-16,17610,Reviewer 43,Would stay again.
215,44,2025-07-08,25791,Reviewer 44,Disappointed with the experience.
444,45,2026-03-17,68047,Reviewer 45,Excellent location.
278,46,2025-04-24,77906,Reviewer 46,Not as described.
447,47,2026-01-06,29665,Reviewer 47,Would stay again.
474,48,2025-11-06,80246,Reviewer 48,Great place!
481,49,2025-11-06,75864,Reviewer 49,Disappointed with the experience.
203,50,2025-06-19,56451,Reviewer 50,Disappointed with the experience.
74,51,2025-06-01,96148,Reviewer 51,Host was very helpful.
25,52,2025-09-07,55890,Reviewer 52,Would stay again.
101,53,2025-07-10,16794,Reviewer 53,Host was very helpful.
176,54,2025-08-21,42888,Reviewer 54,Great place!
427,55,2025-07-30,16749,Reviewer 55,Host was very helpful.
117,56,2025-09-22,56531,Reviewer 56,Clean and comfortable.
166,57,2025-07-24,30608,Reviewer 57,Host was very helpful.
41,58,2025-08-24,90986,Reviewer 58,Host was very helpful.
429,59,2025-11-26,79211,Reviewer 59,Great place!
344,60,2025-09-20,93996,Reviewer 60,Excellent location.
424,61,2025-04-26,66017,Reviewer 61,Would stay again.
366,62,2025-04-25,67676,Reviewer 62,Excellent location.
120,63,2025-07-20,21560,Reviewer 63,Excellent location.
97,64,2025-12-22,64401,Reviewer 64,Disappointed with the experience.
145,65,2025-11-12,60468,Reviewer 65,Excellent location.
216,66,2025-11-05,42463,Reviewer 66,Not as described.
229,67,2025-05-10,41663,Reviewer 67,Host was very helpful.
313,68,2025-09-14,78706,Reviewer 68,Excellent location.
130,69,2026-03-13,68773,Reviewer 69,Great place!
352,70,2026-03-10,43123,Reviewer 70,Excellent location.
377,71,2025-06-19,19718,Reviewer 71,Great place!
318,72,2025-10-20,72637,Reviewer 72,Would stay again.
472,73,2026-03-30,10028,Reviewer 73,Not as described.
137,74,2025-06-18,72370,Reviewer 74,Host was very helpful.
324,75,2025-05-13,57599,Reviewer 75,Great place!
337,76,2025-10-08,27397,Reviewer 76,Clean and comfortable.
273,77,2025-11-14,55406,Reviewer 77,Host was very helpful.
117,78,2025-12-04,57657,Reviewer 78,Disappointed with the experience.
306,79,2026-04-16,77560,Reviewer 79,Clean and comfortable.
368,80,2025-10-07,23503,Reviewer 80,Great place!
94,81,2026-02-21,64943,Reviewer 81,Host was very helpful.
168,82,2025-06-11,85839,Reviewer 82,Clean and comfortable.
442,83,2025-05-17,92674,Reviewer 83,Clean and comfortable.
203,84,2025-06-24,35345,Reviewer 84,Excellent location.
341,85,2025-11-25,60390,Reviewer 85,Would stay again.
149,86,2025-05-29,69557,Reviewer 86,Not as described.
402,87,2026-01-20,75054,Reviewer 87,Not as described.
183,88,2025-10-18,11906,Reviewer 88,Great place!
413,89,2026-02-13,50167,Reviewer 89,Would stay again.
152,90,2026-03-15,17961,Reviewer 90,Great place!
74,91,2025-07-02,36140,Reviewer 91,Host was very helpful.
365,92,2026-02-24,68701,Reviewer 92,Would stay again.
401,93,2025-09-05,87567,Reviewer 93,Excellent location.
274,94,2025-12-06,90664,Reviewer 94,Host was very helpful.
42,95,2025-11-25,91199,Reviewer 95,Not as described.
496,96,2026-04-15,91218,Reviewer 96,Disappointed with the experience.
212,97,2025-11-19,90729,Reviewer 97,Excellent location.
101,98,2025-11-19,38561,Reviewer 98,Clean and comfortable.
45,99,2025-12-21,60568,Reviewer 99,Great place!
82,100,2025-06-28,83302,Reviewer 100,Great place!
17,101,2025-10-02,39504,Reviewer 101,Host was very helpful.
73,102,2026-01-20,47146,Reviewer 102,Excellent location.
14,103,2025-10-14,50297,Reviewer 103,Not as described.
433,104,2025-09-05,96394,Reviewer 104,Great place!
157,105,2025-08-12,78607,Reviewer 105,Great place!
223,106,2025-11-24,26939,Reviewer 106,Not as described.
132,107,2025-10-20,60715,Reviewer 107,Excellent location.
338,108,2025-10-07,54460,Reviewer 108,Disappointed with the experience.
404,109,2026-04-04,76576,Reviewer 109,Not as described.
376,110,2025-08-30,78222,Reviewer 110,Great place!
376,111,2026-01-16,22666,Reviewer 111,Disappointed with the experience.
47,112,2025-11-24,72119,Reviewer 112,Great place!
107,113,2025-09-06,45321,Reviewer 113,Not as described.
108,114,2025-11-21,11779,Reviewer 114,Excellent location.
265,115,2025-12-24,23186,Reviewer 115,Would stay again.
205,116,2025-05-13,26459,Reviewer 116,Not as described.
79,117,2025-12-12,96246,Reviewer 117,Clean and comfortable.
155,118,2026-01-09,97755,Reviewer 118,Clean and comfortable.
271,119,2025-12-11,15057,Reviewer 119,Would stay again.
476,120,2025-07-09,70663,Reviewer 120,Clean and comfortable.
485,121,2025-06-21,28733,Reviewer 121,Disappointed with the experience.
247,122,2025-08-29,29157,Reviewer 122,Not as described.
19,123,2026-02-12,45030,Reviewer 123,Clean and comfortable.
346,124,2026-02-10,29613,Reviewer 124,Clean and comfortable.
436,125,2025-11-03,93028,Reviewer 125,Great place!
26,126,2025-10-21,96282,Reviewer 126,Not as described.
217,127,2025-10-25,15188,Reviewer 127,Would stay again.
154,128,2025-05-21,39680,Reviewer 128,Great place!
154,129,2026-02-12,70119,Reviewer 129,Clean and comfortable.
174,130,2025-12-13,84400,Reviewer 130,Would stay again.
92,131,2026-02-12,65718,Reviewer 131,Not as described.
433,132,2025-09-20,46445,Reviewer 132,Would stay again.
338,133,2025-04-23,15796,Reviewer 133,Excellent location.
480,134,2025-08-16,57218,Reviewer 134,Excellent location.
181,135,2025-07-06,49131,Reviewer 135,Not as described.
131,136,2025-05-09,18123,Reviewer 136,Disappointed with the experience.
450,137,2026-02-16,18222,Reviewer 137,Great place!
481,138,2026-02-04,34074,Reviewer 138,Clean and comfortable.
298,139,2026-04-02,39825,Reviewer 139,Disappointed with the experience.
275,140,2025-11-19,46839,Reviewer 140,Disappointed with the experience.
273,141,2025-04-29,78322,Reviewer 141,Excellent location.
492,142,2025-05-14,66321,Reviewer 142,Excellent location.
417,143,2025-05-14,35988,Reviewer 143,Clean and comfortable.
76,144,2026-01-29,45507,Reviewer 144,Great place!
177,145,2025-08-24,33806,Reviewer 145,Clean and comfortable.
184,146,2025-12-29,46901,Reviewer 146,Would stay again.
319,147,2025-07-31,27043,Reviewer 147,Not as described.
131,148,2026-04-14,85761,Reviewer 148,Would stay again.
363,149,2025-09-18,19752,Reviewer 149,Would stay again.
49,150,2025-07-04,78993,Reviewer 150,Disappointed with the experience.
55,151,2025-10-14,52616,Reviewer 151,Great place!
154,152,2025-11-15,62127,Reviewer 152,Clean and comfortable.
355,153,2025-08-28,84777,Reviewer 153,Disappointed with the experience.
200,154,2025-10-29,10453,Reviewer 154,Host was very helpful.
308,155,2025-05-27,85432,Reviewer 155,Great place!
356,156,2025-07-02,97362,Reviewer 156,Host was very helpful.
373,157,2025-05-11,20976,Reviewer 157,Host was very helpful.
118,158,2026-02-28,80404,Reviewer 158,Host was very helpful.
263,159,2025-10-08,91932,Reviewer 159,Host was very helpful.
46,160,2025-04-24,87707,Reviewer 160,Disappointed with the experience.
302,161,2026-04-15,99647,Reviewer 161,Not as described.
356,162,2026-02-01,43688,Reviewer 162,Host was very helpful.
400,163,2025-05-17,96840,Reviewer 163,Excellent location.
408,164,2025-08-27,12017,Reviewer 164,Host was very helpful.
189,165,2025-06-18,17957,Reviewer 165,Great place!
310,166,2025-05-23,14792,Reviewer 166,Excellent location.
318,167,2025-12-27,65982,Reviewer 167,Excellent location.
129,168,2025-10-10,23237,Reviewer 168,Not as described.
49,169,2026-04-05,61586,Reviewer 169,Host was very helpful.
25,170,2025-05-30,91787,Reviewer 170,Would stay again.
266,171,2025-08-31,29252,Reviewer 171,Would stay again.
118,172,2025-06-05,20707,Reviewer 172,Host was very helpful.
464,173,2025-08-25,44206,Reviewer 173,Disappointed with the experience.
144,174,2025-07-09,13543,Reviewer 174,Great place!
442,175,2025-07-17,54135,Reviewer 175,Disappointed with the experience.
200,176,2026-04-19,45031,Reviewer 176,Host was very helpful.
157,177,2026-03-13,52929,Reviewer 177,Clean and comfortable.
487,178,2025-06-06,75747,Reviewer 178,Great place!
348,179,2026-03-31,67851,Reviewer 179,Clean and comfortable.
134,180,2025-12-27,65311,Reviewer 180,Disappointed with the experience.
400,181,2025-09-08,75867,Reviewer 181,Would stay again.
148,182,2026-02-13,98780,Reviewer 182,Not as described.
336,183,2025-09-29,67196,Reviewer 183,Host was very helpful.
71,184,2025-05-03,83705,Reviewer 184,Clean and comfortable.
233,185,2025-07-01,67894,Reviewer 185,Host was very helpful.
334,186,2026-03-18,97640,Reviewer 186,Not as described.
299,187,2025-08-21,24591,Reviewer 187,Would stay again.
154,188,2025-06-09,58893,Reviewer 188,Not as described.
90,189,2025-11-17,10727,Reviewer 189,Disappointed with the experience.
334,190,2025-05-21,31359,Reviewer 190,Host was very helpful.
199,191,2026-02-08,53822,Reviewer 191,Great place!
161,192,2025-09-27,98534,Reviewer 192,Not as described.
26,193,2026-02-22,20929,Reviewer 193,Disappointed with the experience.
121,194,2025-10-26,70091,Reviewer 194,Not as described.
301,195,2025-05-22,90378,Reviewer 195,Excellent location.
212,196,2025-11-05,33519,Reviewer 196,Clean and comfortable.
63,197,2026-04-09,27393,Reviewer 197,Would stay again.
451,198,2025-06-24,44318,Reviewer 198,Excellent location.
436,199,2025-09-27,84531,Reviewer 199,Clean and comfortable.
68,200,2025-08-27,57934,Reviewer 200,Clean and comfortable.
253,201,2026-04-04,91103,Reviewer 201,Host was very helpful.
410,202,2025-11-02,38840,Reviewer 202,Host was very helpful.
459,203,2025-04-27,99367,Reviewer 203,Would stay again.
2,204,2026-02-03,23265,Reviewer 204,Disappointed with the experience.
398,205,2025-11-19,15424,Reviewer 205,Would stay again.
108,206,2025-12-18,30625,Reviewer 206,Excellent location.
286,207,2025-06-15,89622,Reviewer 207,Disappointed with the experience.
49,208,2025-07-15,39187,Reviewer 208,Would stay again.
140,209,2026-03-12,45929,Reviewer 209,Clean and comfortable.
218,210,2025-06-24,71892,Reviewer 210,Great place!
44,211,2025-11-30,30539,Reviewer 211,Disappointed with the experience.
417,212,2026-04-20,66630,Reviewer 212,Great place!
269,213,2025-10-04,19215,Reviewer 213,Host was very helpful.
78,214,2025-07-26,49385,Reviewer 214,Not as described.
216,215,2026-02-03,97580,Reviewer 215,Excellent location.
382,216,2025-07-20,87462,Reviewer 216,Clean and comfortable.
98,217,2026-04-04,35008,Reviewer 217,Great place!
236,218,2026-02-03,58928,Reviewer 218,Not as described.
282,219,2025-10-15,93096,Reviewer 219,Host was very helpful.
149,220,2025-11-21,99876,Reviewer 220,Disappointed with the experience.
412,221,2025-07-06,34976,Reviewer 221,Would stay again.
304,222,2026-02-26,37626,Reviewer 222,Not as described.
484,223,2026-03-25,69789,Reviewer 223,Host was very helpful.
424,224,2025-10-18,14700,Reviewer 224,Disappointed with the experience.
66,225,2025-11-11,73645,Reviewer 225,Host was very helpful.
234,226,2025-10-29,83396,Reviewer 226,Clean and comfortable.
457,227,2025-09-20,17526,Reviewer 227,Would stay again.
87,228,2026-03-17,49500,Reviewer 228,Disappointed with the experience.
79,229,2025-08-15,78049,Reviewer 229,Disappointed with the experience.
205,230,2025-07-31,83366,Reviewer 230,Not as described.
279,231,2025-07-23,90317,Reviewer 231,Disappointed with the experience.
337,232,2025-12-07,69117,Reviewer 232,Would stay again.
254,233,2026-02-25,66096,Reviewer 233,Host was very helpful.
304,234,2026-04-06,17910,Reviewer 234,Great place!
380,235,2026-01-09,91383,Reviewer 235,Excellent location.
130,236,2025-10-18,81185,Reviewer 236,Not as described.
84,237,2026-01-08,60248,Reviewer 237,Would stay again.
276,238,2026-04-19,84656,Reviewer 238,Disappointed with the experience.
187,239,2025-06-26,11951,Reviewer 239,Disappointed with the experience.
46,240,2026-01-13,75212,Reviewer 240,Clean and comfortable.
387,241,2026-01-13,85701,Reviewer 241,Not as described.
183,242,2025-05-05,89888,Reviewer 242,Clean and comfortable.
268,243,2025-12-23,85282,Reviewer 243,Would stay again.
296,244,2026-01-13,51954,Reviewer 244,Would stay again.
322,245,2025-06-26,99719,Reviewer 245,Clean and comfortable.
100,246,2025-07-07,18804,Reviewer 246,Host was very helpful.
78,247,2026-01-15,10595,Reviewer 247,Host was very helpful.
272,248,2025-06-26,39592,Reviewer 248,Would stay again.
339,249,2026-02-08,50643,Reviewer 249,Clean and comfortable.
162,250,2025-11-02,72665,Reviewer 250,Host was very helpful.
44,251,2025-07-06,30823,Reviewer 251,Not as described.
238,252,2025-11-09,15972,Reviewer 252,Clean and comfortable.
134,253,2025-08-09,25882,Reviewer 253,Disappointed with the experience.
461,254,2025-06-05,76394,Reviewer 254,Host was very helpful.
192,255,2025-07-29,81055,Reviewer 255,Not as described.
356,256,2025-07-14,33769,Reviewer 256,Not as described.
278,257,2025-12-18,35020,Reviewer 257,Excellent location.
18,258,2025-12-10,52748,Reviewer 258,Excellent location.
12,259,2025-08-03,95374,Reviewer 259,Would stay again.
180,260,2026-02-02,54912,Reviewer 260,Host was very helpful.
123,261,2025-06-17,22879,Reviewer 261,Not as described.
246,262,2025-09-03,43798,Reviewer 262,Host was very helpful.
222,263,2025-05-24,99826,Reviewer 263,Excellent location.
373,264,2025-12-06,56073,Reviewer 264,Excellent location.
51,265,2025-07-26,85791,Reviewer 265,Disappointed with the experience.
488,266,2026-03-04,76983,Reviewer 266,Disappointed with the experience.
71,267,2025-06-28,53005,Reviewer 267,Not as described.
480,268,2025-11-11,12850,Reviewer 268,Host was very helpful.
48,269,2025-12-14,38400,Reviewer 269,Clean and comfortable.
19,270,2025-04-25,21953,Reviewer 270,Disappointed with the experience.
262,271,2025-05-16,33535,Reviewer 271,Clean and comfortable.
84,272,2025-05-08,85536,Reviewer 272,Excellent location.
155,273,2025-06-16,85039,Reviewer 273,Great place!
53,274,2026-03-12,91029,Reviewer 274,Host was very helpful.
107,275,2025-10-18,14055,Reviewer 275,Not as described.
357,276,2025-09-18,48170,Reviewer 276,Clean and comfortable.
304,277,2026-03-29,38251,Reviewer 277,Host was very helpful.
135,278,2025-12-18,14532,Reviewer 278,Host was very helpful.
443,279,2025-10-11,14924,Reviewer 279,Host was very helpful.
69,280,2025-05-15,58037,Reviewer 280,Great place!
11,281,2025-06-05,88082,Reviewer 281,Host was very helpful.
143,282,2026-01-01,81621,Reviewer 282,Great place!
192,283,2026-02-17,87926,Reviewer 283,Great place!
387,284,2025-05-25,88816,Reviewer 284,Great place!
378,285,2026-01-04,99654,Reviewer 285,Disappointed with the experience.
69,286,2025-09-14,80400,Reviewer 286,Great place!
23,287,2025-12-12,20702,Reviewer 287,Not as described.
181,288,2025-11-10,25385,Reviewer 288,Would stay again.
293,289,2025-07-27,19336,Reviewer 289,Clean and comfortable.
9,290,2026-02-16,75421,Reviewer 290,Great place!
271,291,2026-01-07,41225,Reviewer 291,Would stay again.
387,292,2026-03-25,46021,Reviewer 292,Not as described.
93,293,2026-03-24,13782,Reviewer 293,Great place!
454,294,2025-08-25,98877,Reviewer 294,Excellent location.
17,295,2025-10-19,99630,Reviewer 295,Clean and comfortable.
154,296,2025-09-08,59111,Reviewer 296,Would stay again.
405,297,2025-11-14,99402,Reviewer 297,Would stay again.
328,298,2025-06-24,94585,Reviewer 298,Would stay again.
149,299,2026-01-14,52719,Reviewer 299,Would stay again.
377,300,2026-02-05,59037,Reviewer 300,Disappointed with the experience.
267,301,2025-07-04,90103,Reviewer 301,Would stay again.
422,302,2025-12-19,13513,Reviewer 302,Would stay again.
328,303,2026-02-11,23335,Reviewer 303,Host was very helpful.
106,304,2025-09-26,54140,Reviewer 304,Not as described.
472,305,2025-08-06,90373,Reviewer 305,Excellent location.
381,306,2025-11-06,87658,Reviewer 306,Not as described.
35,307,2025-11-17,44840,Reviewer 307,Great place!
119,308,2025-05-21,41007,Reviewer 308,Host was very helpful.
14,309,2025-09-19,66947,Reviewer 309,Great place!
14,310,2025-07-02,36393,Reviewer 310,Not as described.
266,311,2025-09-13,67480,Reviewer 311,Great place!
140,312,2026-03-05,98290,Reviewer 312,Disappointed with the experience.
294,313,2025-06-01,96335,Reviewer 313,Would stay again.
364,314,2025-07-21,19107,Reviewer 314,Clean and comfortable.
119,315,2025-07-24,15993,Reviewer 315,Would stay again.
238,316,2026-04-12,62066,Reviewer 316,Host was very helpful.
34,317,2026-01-04,52942,Reviewer 317,Not as described.
169,318,2025-09-09,26138,Reviewer 318,Great place!
10,319,2025-09-25,54527,Reviewer 319,Disappointed with the experience.
122,320,2025-07-12,19190,Reviewer 320,Great place!
401,321,2025-07-21,88422,Reviewer 321,Great place!
145,322,2025-10-02,65698,Reviewer 322,Would stay again.
451,323,2025-07-29,92315,Reviewer 323,Would stay again.
446,324,2025-04-27,39086,Reviewer 324,Would stay again.
223,325,2025-07-29,27322,Reviewer 325,Excellent location.
371,326,2025-05-19,93569,Reviewer 326,Would stay again.
257,327,2026-01-02,95610,Reviewer 327,Not as described.
268,328,2025-08-08,13435,Reviewer 328,Disappointed with the experience.
359,329,2026-02-09,63331,Reviewer 329,Host was very helpful.
4,330,2026-03-09,38942,Reviewer 330,Not as described.
426,331,2025-12-15,69635,Reviewer 331,Disappointed with the experience.
397,332,2025-12-01,39059,Reviewer 332,Host was very helpful.
354,333,2025-10-04,67557,Reviewer 333,Would stay again.
106,334,2025-11-25,62389,Reviewer 334,Host was very helpful.
85,335,2026-04-20,63014,Reviewer 335,Disappointed with the experience.
214,336,2025-08-27,42826,Reviewer 336,Not as described.
121,337,2025-06-15,40297,Reviewer 337,Not as described.
132,338,2025-09-11,53890,Reviewer 338,Disappointed with the experience.
338,339,2025-07-31,31322,Reviewer 339,Clean and comfortable.
197,340,2026-04-21,45739,Reviewer 340,Disappointed with the experience.
19,341,2025-12-17,19719,Reviewer 341,Great place!
130,342,2025-07-26,89553,Reviewer 342,Excellent location.
12,343,2025-12-18,18314,Reviewer 343,Great place!
81,344,2025-11-28,85164,Reviewer 344,Not as described.
330,345,2025-10-30,87028,Reviewer 345,Disappointed with the experience.
354,346,2025-07-30,46113,Reviewer 346,Excellent location.
262,347,2025-12-08,25357,Reviewer 347,Host was very helpful.
392,348,2025-09-22,30365,Reviewer 348,Disappointed with the experience.
125,349,2025-10-08,49029,Reviewer 349,Great place!
307,350,2025-07-02,11737,Reviewer 350,Host was very helpful.
267,351,2026-03-31,84632,Reviewer 351,Disappointed with the experience.
447,352,2026-01-14,95474,Reviewer 352,Excellent location.
441,353,2025-05-25,88218,Reviewer 353,Not as described.
383,354,2025-05-22,37499,Reviewer 354,Would stay again.
140,355,2025-08-26,56157,Reviewer 355,Not as described.
329,356,2025-09-28,66247,Reviewer 356,Would stay again.
2,357,2025-06-28,51034,Reviewer 357,Would stay again.
8,358,2026-01-04,10294,Reviewer 358,Host was very helpful.
250,359,2025-05-18,34596,Reviewer 359,Host was very helpful.
139,360,2025-09-07,21434,Reviewer 360,Clean and comfortable.
124,361,2026-01-24,68382,Reviewer 361,Not as described.
309,362,2025-09-26,48098,Reviewer 362,Excellent location.
228,363,2026-03-02,14655,Reviewer 363,Excellent location.
10,364,2025-07-01,93029,Reviewer 364,Would stay again.
469,365,2025-06-12,56228,Reviewer 365,Not as described.
212,366,2025-06-03,13771,Reviewer 366,Clean and comfortable.
112,367,2026-01-03,84099,Reviewer 367,Host was very helpful.
8,368,2025-10-20,66799,Reviewer 368,Disappointed with the experience.
292,369,2025-08-27,72257,Reviewer 369,Disappointed with the experience.
477,370,2026-04-06,27558,Reviewer 370,Not as described.
362,371,2025-07-19,68436,Reviewer 371,Host was very helpful.
460,372,2025-12-31,42376,Reviewer 372,Not as described.
253,373,2025-05-08,97458,Reviewer 373,Would stay again.
14,374,2025-12-27,87924,Reviewer 374,Clean and comfortable.
240,375,2025-08-01,39332,Reviewer 375,Great place!
438,376,2026-01-03,56737,Reviewer 376,Great place!
242,377,2025-09-18,99031,Reviewer 377,Not as described.
469,378,2025-11-25,83970,Reviewer 378,Disappointed with the experience.
342,379,2025-07-21,61952,Reviewer 379,Host was very helpful.
149,380,2025-04-29,30991,Reviewer 380,Excellent location.
236,381,2025-10-02,37472,Reviewer 381,Excellent location.
306,382,2025-05-14,69946,Reviewer 382,Would stay again.
478,383,2025-12-04,36849,Reviewer 383,Host was very helpful.
167,384,2026-03-18,11541,Reviewer 384,Would stay again.
20,385,2025-09-30,12765,Reviewer 385,Would stay again.
216,386,2025-08-19,53074,Reviewer 386,Excellent location.
343,387,2026-02-10,39283,Reviewer 387,Great place!
135,388,2025-05-31,10769,Reviewer 388,Clean and comfortable.
393,389,2026-02-10,27806,Reviewer 389,Host was very helpful.
129,390,2025-12-11,12972,Reviewer 390,Would stay again.
410,391,2025-10-21,28256,Reviewer 391,Excellent location.
422,392,2025-08-24,28653,Reviewer 392,Not as described.
294,393,2025-07-03,96669,Reviewer 393,Excellent location.
246,394,2026-02-22,49339,Reviewer 394,Would stay again.
189,395,2026-01-18,35757,Reviewer 395,Excellent location.
44,396,2025-05-05,52399,Reviewer 396,Excellent location.
86,397,2026-01-13,54013,Reviewer 397,Disappointed with the experience.
44,398,2025-05-06,24706,Reviewer 398,Great place!
330,399,2025-11-29,48231,Reviewer 399,Not as described.
375,400,2025-09-05,37909,Reviewer 400,Would stay again.
446,401,2025-09-08,86631,Reviewer 401,Not as described.
378,402,2026-04-02,67572,Reviewer 402,Disappointed with the experience.
390,403,2026-02-25,95879,Reviewer 403,Disappointed with the experience.
145,404,2025-12-10,73767,Reviewer 404,Would stay again.
51,405,2026-03-09,36469,Reviewer 405,Excellent location.
242,406,2025-07-29,11313,Reviewer 406,Would stay again.
294,407,2025-04-26,17847,Reviewer 407,Not as described.
408,408,2025-08-12,60222,Reviewer 408,Host was very helpful.
51,409,2025-07-14,84702,Reviewer 409,Not as described.
266,410,2025-10-20,19930,Reviewer 410,Disappointed with the experience.
120,411,2025-06-29,13285,Reviewer 411,Clean and comfortable.
200,412,2026-04-16,45863,Reviewer 412,Clean and comfortable.
405,413,2025-06-01,26704,Reviewer 413,Excellent location.
248,414,2025-05-13,28705,Reviewer 414,Not as described.
70,415,2026-04-08,10555,Reviewer 415,Great place!
341,416,2025-09-03,31323,Reviewer 416,Would stay again.
57,417,2025-09-14,80968,Reviewer 417,Not as described.
382,418,2026-02-07,76922,Reviewer 418,Clean and comfortable.
39,419,2025-08-05,63915,Reviewer 419,Great place!
472,420,2025-11-18,20619,Reviewer 420,Disappointed with the experience.
289,421,2025-07-01,82390,Reviewer 421,Host was very helpful.
443,422,2025-08-26,69274,Reviewer 422,Great place!
18,423,2025-05-08,83173,Reviewer 423,Host was very helpful.
440,424,2025-12-28,31225,Reviewer 424,Would stay again.
220,425,2026-03-07,36739,Reviewer 425,Great place!
313,426,2026-02-28,57708,Reviewer 426,Excellent location.
244,427,2025-11-18,63019,Reviewer 427,Not as described.
352,428,2026-02-13,86154,Reviewer 428,Clean and comfortable.
460,429,2026-04-04,17373,Reviewer 429,Great place!
304,430,2026-04-04,45281,Reviewer 430,Great place!
298,431,2025-05-20,30187,Reviewer 431,Excellent location.
283,432,2025-08-26,77863,Reviewer 432,Would stay again.
74,433,2025-09-20,94085,Reviewer 433,Not as described.
110,434,2025-07-15,49220,Reviewer 434,Disappointed with the experience.
180,435,2025-05-09,17642,Reviewer 435,Clean and comfortable.
426,436,2025-06-10,89971,Reviewer 436,Clean and comfortable.
32,437,2025-09-21,65556,Reviewer 437,Not as described.
234,438,2025-10-13,43760,Reviewer 438,Clean and comfortable.
282,439,2025-10-27,48192,Reviewer 439,Host was very helpful.
25,440,2025-09-27,14381,Reviewer 440,Would stay again.
331,441,2025-11-01,29558,Reviewer 441,Not as described.
279,442,2025-07-16,40782,Reviewer 442,Excellent location.
226,443,2026-04-15,14782,Reviewer 443,Clean and comfortable.
57,444,2025-11-01,64712,Reviewer 444,Disappointed with the experience.
180,445,2025-08-13,29462,Reviewer 445,Disappointed with the experience.
232,446,2026-01-17,70030,Reviewer 446,Disappointed with the experience.
382,447,2025-05-31,78519,Reviewer 447,Would stay again.
343,448,2025-12-27,66411,Reviewer 448,Clean and comfortable.
477,449,2025-12-06,65206,Reviewer 449,Host was very helpful.
287,450,2026-02-10,56950,Reviewer 450,Would stay again.
64,451,2026-03-22,12523,Reviewer 451,Disappointed with the experience.
455,452,2025-07-04,70926,Reviewer 452,Would stay again.
232,453,2025-07-07,19677,Reviewer 453,Clean and comfortable.
289,454,2025-05-29,85828,Reviewer 454,Would stay again.
213,455,2025-06-02,25089,Reviewer 455,Great place!
258,456,2025-10-19,14581,Reviewer 456,Host was very helpful.
18,457,2026-04-01,21907,Reviewer 457,Not as described.
175,458,2025-08-25,15609,Reviewer 458,Not as described.
417,459,2025-10-24,61153,Reviewer 459,Would stay again.
229,460,2025-09-07,60539,Reviewer 460,Disappointed with the experience.
226,461,2026-03-17,54143,Reviewer 461,Excellent location.
84,462,2025-08-05,32936,Reviewer 462,Disappointed with the experience.
291,463,2025-12-06,60182,Reviewer 463,Not as described.
435,464,2026-03-14,23163,Reviewer 464,Not as described.
370,465,2025-11-04,69758,Reviewer 465,Would stay again.
246,466,2025-12-01,56057,Reviewer 466,Would stay again.
402,467,2025-11-26,22537,Reviewer 467,Great place!
110,468,2025-06-08,32419,Reviewer 468,Host was very helpful.
254,469,2025-08-21,52578,Reviewer 469,Not as described.
88,470,2026-03-29,84991,Reviewer 470,Host was very helpful.
72,471,2025-12-24,84599,Reviewer 471,Great place!
381,472,2026-03-26,10834,Reviewer 472,Excellent location.
30,473,2025-06-09,42214,Reviewer 473,Host was very helpful.
172,474,2025-10-04,12413,Reviewer 474,Great place!
309,475,2025-10-08,19505,Reviewer 475,Clean and comfortable.
394,476,2026-01-05,12105,Reviewer 476,Would stay again.
343,477,2025-10-07,78104,Reviewer 477,Would stay again.
436,478,2026-01-20,68408,Reviewer 478,Not as described.
177,479,2025-10-27,47679,Reviewer 479,Clean and comfortable.
139,480,2026-02-06,89731,Reviewer 480,Clean and comfortable.
194,481,2026-01-22,75131,Reviewer 481,Host was very helpful.
186,482,2025-12-28,74280,Reviewer 482,Great place!
218,483,2026-03-24,25762,Reviewer 483,Disappointed with the experience.
164,484,2025-08-01,68703,Reviewer 484,Clean and comfortable.
161,485,2025-05-04,91434,Reviewer 485,Disappointed with the experience.
431,486,2025-12-21,73079,Reviewer 486,Would stay again.
13,487,2025-07-11,31577,Reviewer 487,Excellent location.
296,488,2025-06-12,11214,Reviewer 488,Would stay again.
89,489,2025-12-23,96339,Reviewer 489,Clean and comfortable.
324,490,2025-12-29,58114,Reviewer 490,Excellent location.
42,491,2025-07-25,99234,Reviewer 491,Would stay again.
403,492,2025-10-20,73230,Reviewer 492,Great place!
210,493,2025-04-29,42980,Reviewer 493,Not as described.
229,494,2025-12-19,77194,Reviewer 494,Would stay again.
350,495,2025-05-06,87806,Reviewer 495,Host was very helpful.
275,496,2025-06-15,47792,Reviewer 496,Not as described.
442,497,2025-07-25,55807,Reviewer 497,Excellent location.
279,498,2025-12-11,32301,Reviewer 498,Host was very helpful.
251,499,2025-12-02,15141,Reviewer 499,Excellent location.
310,500,2025-05-28,23777,Reviewer 500,Would stay again.
208,501,2025-10-19,48346,Reviewer 501,Great place!
321,502,2026-01-05,64703,Reviewer 502,Not as described.
140,503,2025-11-19,57819,Reviewer 503,Great place!
280,504,2026-03-14,38469,Reviewer 504,Clean and comfortable.
34,505,2025-11-21,13845,Reviewer 505,Would stay again.
309,506,2026-04-01,33290,Reviewer 506,Disappointed with the experience.
392,507,2026-03-04,40699,Reviewer 507,Would stay again.
18,508,2025-06-16,54252,Reviewer 508,Host was very helpful.
57,509,2025-11-13,13293,Reviewer 509,Not as described.
112,510,2025-08-11,67089,Reviewer 510,Great place!
5,511,2025-08-25,26608,Reviewer 511,Host was very helpful.
410,512,2025-04-30,76273,Reviewer 512,Not as described.
414,513,2025-12-09,26619,Reviewer 513,Would stay again.
182,514,2025-12-22,88006,Reviewer 514,Would stay again.
13,515,2026-02-06,97908,Reviewer 515,Clean and comfortable.
339,516,2025-11-25,91653,Reviewer 516,Would stay again.
285,517,2026-03-10,24779,Reviewer 517,Would stay again.
259,518,2025-06-15,61040,Reviewer 518,Host was very helpful.
90,519,2025-09-01,66325,Reviewer 519,Not as described.
104,520,2025-08-17,31630,Reviewer 520,Would stay again.
379,521,2026-02-02,22178,Reviewer 521,Clean and comfortable.
186,522,2025-07-29,29935,Reviewer 522,Disappointed with the experience.
250,523,2025-12-07,57258,Reviewer 523,Would stay again.
255,524,2026-04-14,32784,Reviewer 524,Clean and comfortable.
76,525,2025-10-11,73722,Reviewer 525,Clean and comfortable.
386,526,2025-08-18,33027,Reviewer 526,Great place!
459,527,2025-06-13,67853,Reviewer 527,Would stay again.
108,528,2025-09-16,77359,Reviewer 528,Great place!
156,529,2025-08-11,82388,Reviewer 529,Clean and comfortable.
82,530,2025-06-05,88608,Reviewer 530,Would stay again.
77,531,2025-06-24,86669,Reviewer 531,Clean and comfortable.
485,532,2025-08-08,25111,Reviewer 532,Excellent location.
470,533,2025-11-04,42312,Reviewer 533,Great place!
460,534,2025-08-09,34161,Reviewer 534,Excellent location.
258,535,2025-12-06,77313,Reviewer 535,Not as described.
127,536,2026-01-04,60374,Reviewer 536,Host was very helpful.
485,537,2026-04-03,34014,Reviewer 537,Host was very helpful.
391,538,2025-04-26,90308,Reviewer 538,Would stay again.
282,539,2026-01-22,56389,Reviewer 539,Clean and comfortable.
474,540,2025-05-11,28161,Reviewer 540,Would stay again.
88,541,2025-12-08,17490,Reviewer 541,Not as described.
204,542,2025-11-29,34502,Reviewer 542,Host was very helpful.
16,543,2025-05-14,45757,Reviewer 543,Great place!
151,544,2025-12-31,51111,Reviewer 544,Great place!
424,545,2025-12-18,93245,Reviewer 545,Not as described.
254,546,2025-11-16,68645,Reviewer 546,Would stay again.
188,547,2025-05-30,69055,Reviewer 547,Would stay again.
329,548,2026-02-28,18998,Reviewer 548,Disappointed with the experience.
32,549,2026-01-28,38906,Reviewer 549,Disappointed with the experience.
271,550,2025-09-29,80192,Reviewer 550,Disappointed with the experience.
485,551,2025-08-16,60477,Reviewer 551,Would stay again.
397,552,2026-03-22,46901,Reviewer 552,Host was very helpful.
5,553,2025-05-23,62021,Reviewer 553,Excellent location.
459,554,2026-01-20,39092,Reviewer 554,Disappointed with the experience.
330,555,2025-06-03,11242,Reviewer 555,Clean and comfortable.
308,556,2025-12-15,11831,Reviewer 556,Excellent location.
333,557,2025-07-23,60721,Reviewer 557,Clean and comfortable.
169,558,2025-05-09,38511,Reviewer 558,Disappointed with the experience.
181,559,2025-06-08,82782,Reviewer 559,Great place!
366,560,2026-03-07,28302,Reviewer 560,Clean and comfortable.
178,561,2026-03-12,65568,Reviewer 561,Great place!
143,562,2025-10-24,13232,Reviewer 562,Excellent location.
362,563,2025-09-22,61507,Reviewer 563,Great place!
248,564,2025-12-16,86508,Reviewer 564,Host was very helpful.
127,565,2025-05-26,20683,Reviewer 565,Disappointed with the experience.
263,566,2025-08-10,33664,Reviewer 566,Disappointed with the experience.
40,567,2026-01-01,43172,Reviewer 567,Great place!
412,568,2025-06-12,93641,Reviewer 568,Host was very helpful.
416,569,2025-05-10,74340,Reviewer 569,Not as described.
355,570,2025-07-15,97236,Reviewer 570,Not as described.
255,571,2025-06-24,21017,Reviewer 571,Clean and comfortable.
143,572,2025-09-25,46613,Reviewer 572,Great place!
240,573,2025-12-10,96130,Reviewer 573,Great place!
228,574,2025-04-28,86920,Reviewer 574,Excellent location.
341,575,2025-06-11,40348,Reviewer 575,Great place!
198,576,2025-07-20,26448,Reviewer 576,Not as described.
65,577,2025-06-06,19491,Reviewer 577,Host was very helpful.
388,578,2025-11-24,88648,Reviewer 578,Excellent location.
11,579,2026-01-25,68759,Reviewer 579,Not as described.
108,580,2026-03-12,54553,Reviewer 580,Great place!
26,581,2025-12-26,10968,Reviewer 581,Disappointed with the experience.
445,582,2025-10-27,10368,Reviewer 582,Not as described.
421,583,2025-05-06,83960,Reviewer 583,Excellent location.
151,584,2025-06-12,45010,Reviewer 584,Disappointed with the experience.
221,585,2025-08-06,64154,Reviewer 585,Would stay again.
341,586,2025-09-26,45851,Reviewer 586,Great place!
496,587,2025-05-05,35496,Reviewer 587,Host was very helpful.
237,588,2025-08-23,40936,Reviewer 588,Not as described.
237,589,2025-09-05,88858,Reviewer 589,Excellent location.
497,590,2025-07-20,77005,Reviewer 590,Clean and comfortable.
219,591,2025-10-25,47493,Reviewer 591,Clean and comfortable.
487,592,2025-08-09,79795,Reviewer 592,Disappointed with the experience.
424,593,2025-05-09,46390,Reviewer 593,Host was very helpful.
461,594,2026-03-13,20292,Reviewer 594,Not as described.
151,595,2025-09-07,38365,Reviewer 595,Host was very helpful.
123,596,2025-07-03,27207,Reviewer 596,Clean and comfortable.
144,597,2025-12-06,32912,Reviewer 597,Host was very helpful.
478,598,2025-09-20,90771,Reviewer 598,Great place!
189,599,2026-03-18,66572,Reviewer 599,Excellent location.
255,600,2025-05-18,29276,Reviewer 600,Great place!
68,601,2025-09-03,15534,Reviewer 601,Great place!
104,602,2025-09-20,45670,Reviewer 602,Would stay again.
336,603,2025-10-07,72147,Reviewer 603,Disappointed with the experience.
159,604,2025-09-27,46486,Reviewer 604,Excellent location.
309,605,2026-02-03,75557,Reviewer 605,Host was very helpful.
362,606,2025-10-25,44268,Reviewer 606,Host was very helpful.
409,607,2026-03-07,91335,Reviewer 607,Excellent location.
300,608,2025-09-08,36336,Reviewer 608,Would stay again.
396,609,2025-10-12,13641,Reviewer 609,Would stay again.
90,610,2025-08-02,97132,Reviewer 610,Clean and comfortable.
357,611,2026-03-02,42959,Reviewer 611,Clean and comfortable.
256,612,2025-11-17,23306,Reviewer 612,Not as described.
496,613,2025-06-21,56182,Reviewer 613,Excellent location.
353,614,2025-09-24,84123,Reviewer 614,Great place!
220,615,2025-07-28,66326,Reviewer 615,Would stay again.
9,616,2025-06-03,31498,Reviewer 616,Would stay again.
12,617,2025-06-09,80198,Reviewer 617,Not as described.
325,618,2026-01-12,37197,Reviewer 618,Clean and comfortable.
438,619,2025-05-07,30719,Reviewer 619,Disappointed with the experience.
244,620,2025-06-19,35032,Reviewer 620,Disappointed with the experience.
182,621,2025-10-24,69624,Reviewer 621,Disappointed with the experience.
284,622,2026-02-24,88177,Reviewer 622,Clean and comfortable.
312,623,2026-01-04,51964,Reviewer 623,Not as described.
99,624,2025-09-02,40028,Reviewer 624,Excellent location.
197,625,2025-11-06,64646,Reviewer 625,Not as described.
482,626,2026-02-09,91187,Reviewer 626,Disappointed with the experience.
366,627,2025-05-20,18536,Reviewer 627,Host was very helpful.
226,628,2026-03-15,66747,Reviewer 628,Not as described.
333,629,2025-11-17,55712,Reviewer 629,Clean and comfortable.
103,630,2025-12-23,16273,Reviewer 630,Not as described.
106,631,2025-05-06,81820,Reviewer 631,Host was very helpful.
365,632,2025-04-23,84353,Reviewer 632,Clean and comfortable.
368,633,2025-06-07,95914,Reviewer 633,Great place!
58,634,2026-04-19,60830,Reviewer 634,Great place!
78,635,2025-09-11,27127,Reviewer 635,Would stay again.
75,636,2025-09-07,93488,Reviewer 636,Disappointed with the experience.
42,637,2026-01-05,21539,Reviewer 637,Clean and comfortable.
422,638,2025-12-05,56761,Reviewer 638,Would stay again.
324,639,2025-08-04,56219,Reviewer 639,Would stay again.
181,640,2025-05-20,24692,Reviewer 640,Great place!
33,641,2025-07-23,93656,Reviewer 641,Host was very helpful.
71,642,2025-08-29,23334,Reviewer 642,Disappointed with the experience.
56,643,2025-10-31,38615,Reviewer 643,Clean and comfortable.
105,644,2025-10-08,17903,Reviewer 644,Disappointed with the experience.
200,645,2025-05-31,38527,Reviewer 645,Not as described.
101,646,2026-03-01,25629,Reviewer 646,Not as described.
256,647,2025-05-25,68008,Reviewer 647,Clean and comfortable.
307,648,2025-04-29,93276,Reviewer 648,Not as described.
74,649,2026-02-20,36708,Reviewer 649,Not as described.
171,650,2025-09-02,20860,Reviewer 650,Host was very helpful.
377,651,2026-02-17,27438,Reviewer 651,Clean and comfortable.
143,652,2025-10-28,77300,Reviewer 652,Clean and comfortable.
166,653,2025-11-15,81545,Reviewer 653,Not as described.
399,654,2025-12-25,30842,Reviewer 654,Host was very helpful.
261,655,2025-09-16,70213,Reviewer 655,Not as described.
221,656,2025-06-22,52372,Reviewer 656,Great place!
83,657,2025-07-02,78906,Reviewer 657,Would stay again.
182,658,2025-11-22,48744,Reviewer 658,Great place!
307,659,2026-02-12,67442,Reviewer 659,Host was very helpful.
10,660,2025-09-08,95990,Reviewer 660,Disappointed with the experience.
396,661,2025-07-04,13650,Reviewer 661,Would stay again.
4,662,2025-04-25,55117,Reviewer 662,Clean and comfortable.
351,663,2025-06-04,62772,Reviewer 663,Host was very helpful.
402,664,2025-09-07,13190,Reviewer 664,Would stay again.
336,665,2025-07-11,58113,Reviewer 665,Host was very helpful.
488,666,2026-01-30,18789,Reviewer 666,Clean and comfortable.
292,667,2026-03-02,42125,Reviewer 667,Not as described.
281,668,2026-04-13,27459,Reviewer 668,Would stay again.
215,669,2026-03-09,45418,Reviewer 669,Excellent location.
460,670,2026-04-05,57085,Reviewer 670,Not as described.
98,671,2025-05-03,28768,Reviewer 671,Disappointed with the experience.
420,672,2026-02-21,59961,Reviewer 672,Not as described.
101,673,2025-12-17,91099,Reviewer 673,Not as described.
451,674,2026-01-08,37885,Reviewer 674,Would stay again.
9,675,2025-06-12,97421,Reviewer 675,Not as described.
61,676,2025-09-12,71082,Reviewer 676,Host was very helpful.
309,677,2026-03-07,16895,Reviewer 677,Host was very helpful.
146,678,2025-11-07,60311,Reviewer 678,Disappointed with the experience.
427,679,2025-10-14,99494,Reviewer 679,Disappointed with the experience.
419,680,2026-03-08,77067,Reviewer 680,Would stay again.
63,681,2025-04-24,81017,Reviewer 681,Not as described.
121,682,2025-09-23,33932,Reviewer 682,Excellent location.
226,683,2026-01-26,31360,Reviewer 683,Not as described.
105,684,2026-01-21,64847,Reviewer 684,Great place!
462,685,2025-08-04,95468,Reviewer 685,Great place!
260,686,2026-02-18,48931,Reviewer 686,Excellent location.
349,687,2026-01-30,65823,Reviewer 687,Host was very helpful.
425,688,2026-02-25,48032,Reviewer 688,Disappointed with the experience.
255,689,2025-06-04,91426,Reviewer 689,Clean and comfortable.
429,690,2025-11-30,28807,Reviewer 690,Clean and comfortable.
434,691,2025-10-26,21767,Reviewer 691,Great place!
207,692,2025-07-17,18071,Reviewer 692,Clean and comfortable.
28,693,2025-05-13,63413,Reviewer 693,Great place!
170,694,2025-12-20,36149,Reviewer 694,Excellent location.
336,695,2025-05-06,25540,Reviewer 695,Clean and comfortable.
76,696,2025-06-14,80248,Reviewer 696,Disappointed with the experience.
116,697,2025-07-19,95435,Reviewer 697,Excellent location.
69,698,2025-06-16,29787,Reviewer 698,Host was very helpful.
354,699,2026-03-14,30982,Reviewer 699,Not as described.
234,700,2025-08-20,32606,Reviewer 700,Would stay again.
1,701,2026-04-08,20150,Reviewer 701,Clean and comfortable.
167,702,2025-09-29,95929,Reviewer 702,Would stay again.
352,703,2025-11-17,56936,Reviewer 703,Would stay again.
218,704,2025-09-27,18593,Reviewer 704,Host was very helpful.
273,705,2025-04-28,27358,Reviewer 705,Not as described.
368,706,2026-02-07,92143,Reviewer 706,Would stay again.
251,707,2026-01-02,47381,Reviewer 707,Host was very helpful.
347,708,2025-11-17,38074,Reviewer 708,Disappointed with the experience.
344,709,2025-12-02,30595,Reviewer 709,Excellent location.
419,710,2026-02-15,54194,Reviewer 710,Disappointed with the experience.
174,711,2026-01-04,59377,Reviewer 711,Excellent location.
170,712,2026-01-05,36853,Reviewer 712,Not as described.
246,713,2025-07-16,83719,Reviewer 713,Not as described.
423,714,2026-02-22,30661,Reviewer 714,Great place!
90,715,2025-10-20,60493,Reviewer 715,Clean and comfortable.
49,716,2025-08-20,46495,Reviewer 716,Disappointed with the experience.
446,717,2025-06-11,23703,Reviewer 717,Excellent location.
294,718,2025-04-24,63080,Reviewer 718,Excellent location.
407,719,2026-04-12,40815,Reviewer 719,Disappointed with the experience.
150,720,2025-08-26,39565,Reviewer 720,Great place!
132,721,2025-05-19,73321,Reviewer 721,Disappointed with the experience.
433,722,2025-08-28,68453,Reviewer 722,Great place!
59,723,2025-12-09,98478,Reviewer 723,Clean and comfortable.
457,724,2026-02-25,43161,Reviewer 724,Would stay again.
324,725,2026-02-14,65991,Reviewer 725,Would stay again.
199,726,2025-10-01,19716,Reviewer 726,Not as described.
215,727,2025-09-17,43349,Reviewer 727,Would stay again.
386,728,2025-08-31,57098,Reviewer 728,Excellent location.
49,729,2025-09-09,10132,Reviewer 729,Excellent location.
472,730,2025-09-07,61990,Reviewer 730,Not as described.
232,731,2025-05-12,78921,Reviewer 731,Host was very helpful.
247,732,2025-08-31,46538,Reviewer 732,Host was very helpful.
382,733,2025-09-08,17213,Reviewer 733,Clean and comfortable.
479,734,2026-04-22,54223,Reviewer 734,Would stay again.
239,735,2026-02-23,78371,Reviewer 735,Host was very helpful.
415,736,2026-01-14,78274,Reviewer 736,Great place!
367,737,2026-01-12,14134,Reviewer 737,Would stay again.
168,738,2025-09-14,49601,Reviewer 738,Clean and comfortable.
48,739,2025-07-05,83889,Reviewer 739,Not as described.
51,740,2026-02-19,25690,Reviewer 740,Host was very helpful.
299,741,2026-02-28,11909,Reviewer 741,Would stay again.
98,742,2026-02-28,90032,Reviewer 742,Clean and comfortable.
439,743,2026-02-14,22062,Reviewer 743,Excellent location.
216,744,2025-06-18,85386,Reviewer 744,Clean and comfortable.
177,745,2025-11-12,44731,Reviewer 745,Host was very helpful.
380,746,2026-02-09,15153,Reviewer 746,Clean and comfortable.
474,747,2025-09-09,20481,Reviewer 747,Great place!
80,748,2025-10-18,76425,Reviewer 748,Disappointed with the experience.
185,749,2026-01-05,73600,Reviewer 749,Disappointed with the experience.
367,750,2026-04-12,94981,Reviewer 750,Great place!
461,751,2025-12-16,81997,Reviewer 751,Excellent location.
399,752,2025-07-09,38205,Reviewer 752,Host was very helpful.
27,753,2025-07-18,98887,Reviewer 753,Would stay again.
452,754,2026-01-01,91542,Reviewer 754,Not as described.
464,755,2025-08-24,54149,Reviewer 755,Great place!
448,756,2025-05-03,59112,Reviewer 756,Not as described.
478,757,2025-12-19,20940,Reviewer 757,Would stay again.
492,758,2025-07-17,69010,Reviewer 758,Great place!
414,759,2026-02-23,86794,Reviewer 759,Clean and comfortable.
420,760,2025-12-30,34485,Reviewer 760,Disappointed with the experience.
195,761,2026-01-31,99299,Reviewer 761,Excellent location.
214,762,2025-10-01,11067,Reviewer 762,Great place!
369,763,2025-07-02,30607,Reviewer 763,Disappointed with the experience.
342,764,2025-10-26,71597,Reviewer 764,Great place!
114,765,2025-09-20,84554,Reviewer 765,Disappointed with the experience.
242,766,2025-11-23,58521,Reviewer 766,Host was very helpful.
124,767,2025-05-26,25187,Reviewer 767,Host was very helpful.
305,768,2025-08-13,13985,Reviewer 768,Would stay again.
76,769,2025-10-18,53052,Reviewer 769,Disappointed with the experience.
311,770,2025-08-22,29563,Reviewer 770,Host was very helpful.
469,771,2025-12-11,57322,Reviewer 771,Host was very helpful.
312,772,2026-02-19,71245,Reviewer 772,Not as described.
196,773,2025-11-17,61514,Reviewer 773,Not as described.
351,774,2025-06-26,28608,Reviewer 774,Excellent location.
44,775,2025-10-14,77262,Reviewer 775,Not as described.
415,776,2025-08-03,81327,Reviewer 776,Disappointed with the experience.
186,777,2025-06-08,67225,Reviewer 777,Would stay again.
343,778,2026-01-29,83994,Reviewer 778,Not as described.
246,779,2025-11-04,27221,Reviewer 779,Not as described.
437,780,2026-03-30,58506,Reviewer 780,Clean and comfortable.
84,781,2025-12-21,30968,Reviewer 781,Disappointed with the experience.
207,782,2026-03-22,92606,Reviewer 782,Great place!
151,783,2025-12-14,37937,Reviewer 783,Disappointed with the experience.
156,784,2025-09-04,72435,Reviewer 784,Great place!
16,785,2025-09-22,59508,Reviewer 785,Excellent location.
165,786,2026-04-16,51831,Reviewer 786,Clean and comfortable.
405,787,2025-10-18,52933,Reviewer 787,Would stay again.
463,788,2026-02-25,57307,Reviewer 788,Great place!
145,789,2026-01-10,58340,Reviewer 789,Would stay again.
498,790,2026-01-12,96338,Reviewer 790,Not as described.
37,791,2025-06-02,53601,Reviewer 791,Clean and comfortable.
333,792,2025-12-04,85956,Reviewer 792,Clean and comfortable.
403,793,2025-07-06,82178,Reviewer 793,Host was very helpful.
414,794,2025-06-03,95311,Reviewer 794,Host was very helpful.
45,795,2025-07-23,38754,Reviewer 795,Disappointed with the experience.
402,796,2026-02-22,53310,Reviewer 796,Host was very helpful.
206,797,2025-12-08,79893,Reviewer 797,Host was very helpful.
62,798,2025-07-04,96799,Reviewer 798,Clean and comfortable.
420,799,2025-05-07,58367,Reviewer 799,Would stay again.
356,800,2026-03-11,23201,Reviewer 800,Great place!
468,801,2025-08-12,12739,Reviewer 801,Clean and comfortable.
308,802,2025-08-17,23231,Reviewer 802,Clean and comfortable.
19,803,2025-08-19,52495,Reviewer 803,Not as described.
365,804,2025-06-24,31168,Reviewer 804,Would stay again.
300,805,2026-02-01,42624,Reviewer 805,Host was very helpful.
7,806,2025-11-21,20635,Reviewer 806,Great place!
249,807,2025-07-24,19964,Reviewer 807,Would stay again.
428,808,2025-08-12,37785,Reviewer 808,Great place!
117,809,2025-07-14,92797,Reviewer 809,Host was very helpful.
68,810,2026-02-02,94790,Reviewer 810,Host was very helpful.
34,811,2025-06-22,86928,Reviewer 811,Clean and comfortable.
194,812,2025-08-22,22336,Reviewer 812,Host was very helpful.
325,813,2025-05-11,87475,Reviewer 813,Disappointed with the experience.
55,814,2026-01-27,37412,Reviewer 814,Excellent location.
266,815,2025-12-28,92212,Reviewer 815,Excellent location.
480,816,2025-11-05,85379,Reviewer 816,Disappointed with the experience.
42,817,2025-08-29,55591,Reviewer 817,Disappointed with the experience.
297,818,2025-08-21,71750,Reviewer 818,Disappointed with the experience.
461,819,2025-10-11,45454,Reviewer 819,Excellent location.
231,820,2025-08-16,72672,Reviewer 820,Host was very helpful.
453,821,2026-01-29,37228,Reviewer 821,Host was very helpful.
378,822,2025-10-20,24429,Reviewer 822,Clean and comfortable.
394,823,2025-11-05,94294,Reviewer 823,Not as described.
10,824,2025-05-31,77808,Reviewer 824,Excellent location.
358,825,2025-06-27,92886,Reviewer 825,Disappointed with the experience.
475,826,2026-03-14,63015,Reviewer 826,Host was very helpful.
444,827,2025-08-17,98074,Reviewer 827,Clean and comfortable.
128,828,2026-03-18,78936,Reviewer 828,Host was very helpful.
179,829,2026-03-06,90907,Reviewer 829,Clean and comfortable.
405,830,2026-01-21,67378,Reviewer 830,Clean and comfortable.
392,831,2025-07-25,47310,Reviewer 831,Clean and comfortable.
193,832,2025-06-07,93683,Reviewer 832,Host was very helpful.
92,833,2025-08-23,78827,Reviewer 833,Not as described.
369,834,2026-02-27,45256,Reviewer 834,Disappointed with the experience.
231,835,2025-05-16,86428,Reviewer 835,Would stay again.
78,836,2025-05-13,48889,Reviewer 836,Would stay again.
85,837,2025-06-21,61428,Reviewer 837,Excellent location.
30,838,2025-06-24,47207,Reviewer 838,Disappointed with the experience.
213,839,2025-10-25,60255,Reviewer 839,Excellent location.
49,840,2025-04-23,15409,Reviewer 840,Great place!
265,841,2025-06-06,52438,Reviewer 841,Not as described.
145,842,2026-01-08,17869,Reviewer 842,Disappointed with the experience.
69,843,2025-06-04,66862,Reviewer 843,Excellent location.
58,844,2026-03-22,97937,Reviewer 844,Excellent location.
185,845,2025-09-13,35958,Reviewer 845,Great place!
62,846,2025-12-05,86302,Reviewer 846,Great place!
479,847,2025-10-22,29768,Reviewer 847,Clean and comfortable.
308,848,2026-03-27,36145,Reviewer 848,Clean and comfortable.
445,849,2025-11-25,85622,Reviewer 849,Clean and comfortable.
296,850,2026-02-20,36442,Reviewer 850,Not as described.
166,851,2025-06-17,91948,Reviewer 851,Excellent location.
171,852,2025-12-14,35596,Reviewer 852,Disappointed with the experience.
63,853,2026-01-23,85791,Reviewer 853,Excellent location.
147,854,2026-01-22,52406,Reviewer 854,Not as described.
484,855,2026-02-19,50524,Reviewer 855,Host was very helpful.
306,856,2025-08-28,33332,Reviewer 856,Would stay again.
161,857,2025-05-09,25764,Reviewer 857,Disappointed with the experience.
141,858,2025-12-14,37563,Reviewer 858,Not as described.
334,859,2025-11-17,97675,Reviewer 859,Clean and comfortable.
97,860,2026-01-15,46370,Reviewer 860,Not as described.
446,861,2026-02-06,15062,Reviewer 861,Great place!
221,862,2026-03-25,54645,Reviewer 862,Clean and comfortable.
43,863,2026-01-07,17244,Reviewer 863,Would stay again.
433,864,2025-12-07,16372,Reviewer 864,Would stay again.
292,865,2026-02-08,95501,Reviewer 865,Disappointed with the experience.
378,866,2026-01-24,74471,Reviewer 866,Clean and comfortable.
108,867,2025-07-26,26956,Reviewer 867,Great place!
266,868,2026-02-16,50473,Reviewer 868,Excellent location.
95,869,2025-12-08,23894,Reviewer 869,Host was very helpful.
262,870,2025-10-26,79586,Reviewer 870,Host was very helpful.
313,871,2026-03-18,26709,Reviewer 871,Would stay again.
385,872,2025-05-29,91258,Reviewer 872,Host was very helpful.
71,873,2026-01-27,25210,Reviewer 873,Great place!
442,874,2025-10-18,59510,Reviewer 874,Excellent location.
219,875,2026-02-23,48674,Reviewer 875,Disappointed with the experience.
21,876,2026-03-08,27733,Reviewer 876,Clean and comfortable.
92,877,2026-01-03,30080,Reviewer 877,Great place!
127,878,2025-11-27,63412,Reviewer 878,Disappointed with the experience.
80,879,2025-09-09,68971,Reviewer 879,Would stay again.
312,880,2025-06-10,49709,Reviewer 880,Would stay again.
238,881,2026-03-23,69846,Reviewer 881,Host was very helpful.
471,882,2025-05-16,75480,Reviewer 882,Host was very helpful.
372,883,2025-04-24,62960,Reviewer 883,Great place!
404,884,2025-09-13,51152,Reviewer 884,Not as described.
486,885,2026-03-31,37250,Reviewer 885,Would stay again.
182,886,2026-01-14,95765,Reviewer 886,Host was very helpful.
25,887,2025-11-28,58137,Reviewer 887,Host was very helpful.
156,888,2025-11-27,92011,Reviewer 888,Excellent location.
5,889,2026-04-04,56412,Reviewer 889,Not as described.
120,890,2025-07-07,53876,Reviewer 890,Would stay again.
277,891,2025-12-23,83664,Reviewer 891,Not as described.
18,892,2025-09-22,60227,Reviewer 892,Excellent location.
431,893,2025-12-10,42450,Reviewer 893,Excellent location.
198,894,2026-02-26,94433,Reviewer 894,Not as described.
57,895,2026-03-16,83704,Reviewer 895,Clean and comfortable.
93,896,2025-07-10,16861,Reviewer 896,Disappointed with the experience.
19,897,2026-02-06,71914,Reviewer 897,Would stay again.
384,898,2026-01-23,73888,Reviewer 898,Disappointed with the experience.
353,899,2026-04-02,89286,Reviewer 899,Excellent location.
193,900,2026-03-14,71293,Reviewer 900,Clean and comfortable.
237,901,2025-12-28,92524,Reviewer 901,Would stay again.
387,902,2026-03-11,78515,Reviewer 902,Host was very helpful.
426,903,2025-07-14,33524,Reviewer 903,Clean and comfortable.
277,904,2025-05-28,17065,Reviewer 904,Great place!
227,905,2026-01-19,47684,Reviewer 905,Would stay again.
233,906,2026-03-29,98720,Reviewer 906,Would stay again.
40,907,2025-09-27,43365,Reviewer 907,Would stay again.
323,908,2025-12-20,68876,Reviewer 908,Clean and comfortable.
153,909,2025-06-19,33704,Reviewer 909,Host was very helpful.
127,910,2026-04-10,67857,Reviewer 910,Not as described.
237,911,2025-06-21,15622,Reviewer 911,Not as described.
486,912,2026-02-03,93797,Reviewer 912,Host was very helpful.
493,913,2026-04-03,97700,Reviewer 913,Disappointed with the experience.
55,914,2025-09-06,89332,Reviewer 914,Disappointed with the experience.
468,915,2025-11-12,76201,Reviewer 915,Host was very helpful.
436,916,2026-03-20,42694,Reviewer 916,Host was very helpful.
172,917,2025-12-21,99766,Reviewer 917,Great place!
109,918,2025-06-25,32995,Reviewer 918,Not as described.
354,919,2025-07-01,90141,Reviewer 919,Not as described.
469,920,2025-06-26,92999,Reviewer 920,Disappointed with the experience.
184,921,2026-03-21,18419,Reviewer 921,Excellent location.
439,922,2025-11-11,57952,Reviewer 922,Would stay again.
368,923,2025-09-19,43837,Reviewer 923,Not as described.
471,924,2025-10-23,80799,Reviewer 924,Not as described.
198,925,2025-07-03,58877,Reviewer 925,Host was very helpful.
371,926,2025-05-31,55687,Reviewer 926,Great place!
373,927,2025-06-18,47276,Reviewer 927,Excellent location.
461,928,2025-12-15,44523,Reviewer 928,Would stay again.
497,929,2026-01-09,76055,Reviewer 929,Great place!
87,930,2025-05-28,64615,Reviewer 930,Great place!
201,931,2025-08-17,20514,Reviewer 931,Host was very helpful.
337,932,2025-06-03,57456,Reviewer 932,Disappointed with the experience.
322,933,2026-03-22,17233,Reviewer 933,Not as described.
275,934,2026-01-15,11102,Reviewer 934,Not as described.
211,935,2025-11-22,76133,Reviewer 935,Disappointed with the experience.
391,936,2025-12-15,56715,Reviewer 936,Host was very helpful.
118,937,2026-04-15,95193,Reviewer 937,Excellent location.
191,938,2025-10-30,16256,Reviewer 938,Host was very helpful.
42,939,2025-09-03,74800,Reviewer 939,Host was very helpful.
42,940,2026-01-07,51548,Reviewer 940,Excellent location.
315,941,2025-06-02,82090,Reviewer 941,Excellent location.
276,942,2026-02-07,88200,Reviewer 942,Disappointed with the experience.
329,943,2026-01-06,52367,Reviewer 943,Disappointed with the experience.
17,944,2025-12-18,99922,Reviewer 944,Host was very helpful.
283,945,2025-06-17,80382,Reviewer 945,Disappointed with the experience.
431,946,2026-02-04,36205,Reviewer 946,Great place!
258,947,2025-12-28,35570,Reviewer 947,Host was very helpful.
63,948,2025-10-06,40255,Reviewer 948,Disappointed with the experience.
62,949,2025-05-09,31182,Reviewer 949,Not as described.
100,950,2026-03-14,49373,Reviewer 950,Great place!
19,951,2025-05-28,53019,Reviewer 951,Not as described.
17,952,2026-02-01,72619,Reviewer 952,Not as described.
325,953,2025-07-23,26043,Reviewer 953,Disappointed with the experience.
423,954,2025-08-05,55532,Reviewer 954,Host was very helpful.
466,955,2025-05-23,75936,Reviewer 955,Clean and comfortable.
373,956,2026-03-23,29239,Reviewer 956,Great place!
246,957,2026-04-16,20416,Reviewer 957,Great place!
251,958,2025-10-16,13412,Reviewer 958,Not as described.
455,959,2025-08-09,91976,Reviewer 959,Great place!
81,960,2026-04-04,34406,Reviewer 960,Great place!
39,961,2025-10-30,11875,Reviewer 961,Clean and comfortable.
36,962,2025-05-30,47066,Reviewer 962,Excellent location.
424,963,2026-04-02,15752,Reviewer 963,Not as described.
429,964,2025-05-28,96753,Reviewer 964,Not as described.
388,965,2025-10-12,88025,Reviewer 965,Disappointed with the experience.
486,966,2025-05-12,11353,Reviewer 966,Great place!
409,967,2026-03-04,36986,Reviewer 967,Disappointed with the experience.
197,968,2026-01-16,96907,Reviewer 968,Would stay again.
158,969,2025-07-30,24691,Reviewer 969,Excellent location.
204,970,2025-06-23,79847,Reviewer 970,Host was very helpful.
196,971,2025-11-07,58075,Reviewer 971,Excellent location.
216,972,2025-04-23,20794,Reviewer 972,Clean and comfortable.
285,973,2025-09-28,78470,Reviewer 973,Not as described.
457,974,2026-02-10,26406,Reviewer 974,Excellent location.
196,975,2026-01-23,85930,Reviewer 975,Would stay again.
307,976,2025-05-03,36872,Reviewer 976,Not as described.
152,977,2026-01-08,51708,Reviewer 977,Clean and comfortable.
14,978,2026-02-18,30800,Reviewer 978,Great place!
325,979,2026-02-18,53397,Reviewer 979,Great place!
146,980,2025-06-28,47909,Reviewer 980,Would stay again.
426,981,2025-08-24,31352,Reviewer 981,Would stay again.
57,982,2026-02-21,25438,Reviewer 982,Not as described.
211,983,2025-09-16,98921,Reviewer 983,Great place!
268,984,2025-09-29,54999,Reviewer 984,Not as described.
210,985,2026-01-14,28482,Reviewer 985,Clean and comfortable.
17,986,2025-06-29,42471,Reviewer 986,Host was very helpful.
286,987,2025-07-09,57279,Reviewer 987,Would stay again.
344,988,2025-05-27,64213,Reviewer 988,Clean and comfortable.
203,989,2026-03-03,23026,Reviewer 989,Clean and comfortable.
99,990,2025-10-08,95184,Reviewer 990,Clean and comfortable.
279,991,2025-12-24,15435,Reviewer 991,Would stay again.
209,992,2025-08-12,18493,Reviewer 992,Disappointed with the experience.
129,993,2025-12-29,82227,Reviewer 993,Would stay again.
335,994,2025-08-02,69321,Reviewer 994,Excellent location.
288,995,2026-01-09,12763,Reviewer 995,Great place!
252,996,2026-01-04,30389,Reviewer 996,Would stay again.
265,997,2025-08-29,41498,Reviewer 997,Excellent location.
271,998,2025-12-13,73755,Reviewer 998,Disappointed with the experience.
412,999,2025-07-16,45825,Reviewer 999,Disappointed with the experience.
408,1000,2025-07-20,26934,Reviewer 1000,Not as described.
188,1001,2026-02-09,15574,Reviewer 1001,Excellent location.
419,1002,2025-08-03,48179,Reviewer 1002,Not as described.
214,1003,2025-06-30,11587,Reviewer 1003,Clean and comfortable.
283,1004,2026-01-12,52782,Reviewer 1004,Disappointed with the experience.
211,1005,2026-01-05,64412,Reviewer 1005,Not as described.
365,1006,2025-06-16,70561,Reviewer 1006,Disappointed with the experience.
76,1007,2025-04-25,87224,Reviewer 1007,Great place!
148,1008,2025-08-17,14409,Reviewer 1008,Disappointed with the experience.
321,1009,2025-07-11,81319,Reviewer 1009,Host was very helpful.
213,1010,2025-08-24,36751,Reviewer 1010,Host was very helpful.
433,1011,2025-05-15,48174,Reviewer 1011,Not as described.
109,1012,2025-12-27,66572,Reviewer 1012,Would stay again.
129,1013,2026-01-13,71416,Reviewer 1013,Disappointed with the experience.
10,1014,2026-01-07,22041,Reviewer 1014,Would stay again.
47,1015,2026-02-20,33227,Reviewer 1015,Excellent location.
379,1016,2025-11-25,45201,Reviewer 1016,Not as described.
315,1017,2025-05-10,46069,Reviewer 1017,Would stay again.
96,1018,2026-02-07,92190,Reviewer 1018,Disappointed with the experience.
446,1019,2026-01-16,36370,Reviewer 1019,Clean and comfortable.
103,1020,2025-10-19,21586,Reviewer 1020,Host was very helpful.
380,1021,2025-09-03,60231,Reviewer 1021,Host was very helpful.
342,1022,2026-01-11,15322,Reviewer 1022,Would stay again.
146,1023,2025-12-14,75294,Reviewer 1023,Clean and comfortable.
368,1024,2025-05-27,89468,Reviewer 1024,Not as described.
430,1025,2025-11-10,39299,Reviewer 1025,Clean and comfortable.
416,1026,2026-03-28,80793,Reviewer 1026,Disappointed with the experience.
27,1027,2025-12-18,56501,Reviewer 1027,Great place!
220,1028,2025-12-22,67134,Reviewer 1028,Great place!
18,1029,2025-09-12,19777,Reviewer 1029,Great place!
167,1030,2026-03-23,21249,Reviewer 1030,Would stay again.
433,1031,2026-02-21,31390,Reviewer 1031,Great place!
477,1032,2025-07-27,30369,Reviewer 1032,Would stay again.
82,1033,2026-03-30,22881,Reviewer 1033,Excellent location.
428,1034,2025-11-06,19587,Reviewer 1034,Clean and comfortable.
72,1035,2025-05-01,84327,Reviewer 1035,Excellent location.
310,1036,2026-02-27,97911,Reviewer 1036,Great place!
479,1037,2025-05-08,98147,Reviewer 1037,Not as described.
254,1038,2025-06-10,17833,Reviewer 1038,Excellent location.
162,1039,2025-07-21,57013,Reviewer 1039,Not as described.
327,1040,2025-12-06,73620,Reviewer 1040,Host was very helpful.
420,1041,2025-06-10,25754,Reviewer 1041,Host was very helpful.
402,1042,2025-11-16,88113,Reviewer 1042,Excellent location.
38,1043,2025-10-04,96784,Reviewer 1043,Clean and comfortable.
443,1044,2025-06-30,45282,Reviewer 1044,Would stay again.
393,1045,2025-12-07,46737,Reviewer 1045,Not as described.
201,1046,2025-04-23,34124,Reviewer 1046,Clean and comfortable.
494,1047,2025-09-19,80102,Reviewer 1047,Excellent location.
200,1048,2025-12-13,12196,Reviewer 1048,Host was very helpful.
255,1049,2025-08-30,71527,Reviewer 1049,Would stay again.
179,1050,2026-03-07,95395,Reviewer 1050,Not as described.
35,1051,2025-12-01,21345,Reviewer 1051,Excellent location.
82,1052,2025-11-19,44077,Reviewer 1052,Not as described.
389,1053,2025-04-30,76400,Reviewer 1053,Disappointed with the experience.
398,1054,2025-09-03,22055,Reviewer 1054,Disappointed with the experience.
220,1055,2026-03-15,95283,Reviewer 1055,Host was very helpful.
158,1056,2025-11-17,54484,Reviewer 1056,Would stay again.
4,1057,2025-10-30,87514,Reviewer 1057,Clean and comfortable.
167,1058,2025-12-15,45771,Reviewer 1058,Disappointed with the experience.
468,1059,2025-08-23,67654,Reviewer 1059,Excellent location.
448,1060,2025-12-25,56540,Reviewer 1060,Disappointed with the experience.
409,1061,2026-01-20,93151,Reviewer 1061,Not as described.
412,1062,2026-03-01,39377,Reviewer 1062,Disappointed with the experience.
204,1063,2026-01-12,59573,Reviewer 1063,Disappointed with the experience.
194,1064,2026-03-06,52733,Reviewer 1064,Would stay again.
235,1065,2025-09-09,21760,Reviewer 1065,Disappointed with the experience.
206,1066,2025-08-23,35762,Reviewer 1066,Excellent location.
150,1067,2025-12-14,60986,Reviewer 1067,Would stay again.
159,1068,2026-03-12,44332,Reviewer 1068,Would stay again.
279,1069,2026-01-26,50100,Reviewer 1069,Great place!
304,1070,2025-09-23,14944,Reviewer 1070,Would stay again.
404,1071,2025-09-05,58825,Reviewer 1071,Disappointed with the experience.
381,1072,2025-06-23,23877,Reviewer 1072,Great place!
166,1073,2025-10-09,39990,Reviewer 1073,Host was very helpful.
311,1074,2025-08-28,65283,Reviewer 1074,Excellent location.
68,1075,2025-08-03,13258,Reviewer 1075,Not as described.
463,1076,2025-10-22,41629,Reviewer 1076,Great place!
88,1077,2026-03-23,47579,Reviewer 1077,Clean and comfortable.
217,1078,2026-03-15,32958,Reviewer 1078,Not as described.
1,1079,2025-12-07,49465,Reviewer 1079,Great place!
135,1080,2025-06-12,95853,Reviewer 1080,Great place!
185,1081,2025-12-17,25775,Reviewer 1081,Would stay again.
351,1082,2026-01-20,86575,Reviewer 1082,Disappointed with the experience.
140,1083,2025-05-28,44207,Reviewer 1083,Excellent location.
106,1084,2026-02-07,32553,Reviewer 1084,Host was very helpful.
133,1085,2025-11-07,63632,Reviewer 1085,Not as described.
108,1086,2025-06-25,10055,Reviewer 1086,Disappointed with the experience.
178,1087,2025-12-26,98697,Reviewer 1087,Disappointed with the experience.
298,1088,2025-05-10,42873,Reviewer 1088,Clean and comfortable.
358,1089,2025-09-04,90720,Reviewer 1089,Excellent location.
380,1090,2026-03-25,76205,Reviewer 1090,Clean and comfortable.
396,1091,2025-12-01,88199,Reviewer 1091,Excellent location.
359,1092,2025-12-18,35318,Reviewer 1092,Would stay again.
146,1093,2025-06-23,43734,Reviewer 1093,Host was very helpful.
450,1094,2025-09-21,92227,Reviewer 1094,Great place!
74,1095,2025-12-10,28522,Reviewer 1095,Not as described.
463,1096,2025-07-20,21656,Reviewer 1096,Not as described.
478,1097,2025-05-24,25893,Reviewer 1097,Disappointed with the experience.
108,1098,2025-12-10,26493,Reviewer 1098,Clean and comfortable.
122,1099,2025-09-05,13632,Reviewer 1099,Not as described.
17,1100,2025-08-23,98648,Reviewer 1100,Great place!
196,1101,2025-07-20,71779,Reviewer 1101,Clean and comfortable.
327,1102,2025-07-28,48452,Reviewer 1102,Would stay again.
318,1103,2026-01-11,23266,Reviewer 1103,Clean and comfortable.
297,1104,2025-11-17,71607,Reviewer 1104,Clean and comfortable.
479,1105,2025-09-27,26940,Reviewer 1105,Great place!
499,1106,2025-11-20,34003,Reviewer 1106,Disappointed with the experience.
252,1107,2025-05-02,44815,Reviewer 1107,Excellent location.
487,1108,2026-02-01,40869,Reviewer 1108,Excellent location.
119,1109,2025-07-28,59297,Reviewer 1109,Excellent location.
162,1110,2025-05-30,70107,Reviewer 1110,Excellent location.
198,1111,2026-04-16,92793,Reviewer 1111,Disappointed with the experience.
498,1112,2025-11-09,26682,Reviewer 1112,Great place!
486,1113,2026-04-22,29622,Reviewer 1113,Not as described.
45,1114,2025-05-11,40408,Reviewer 1114,Clean and comfortable.
314,1115,2025-04-29,18837,Reviewer 1115,Host was very helpful.
179,1116,2026-01-09,74210,Reviewer 1116,Not as described.
382,1117,2025-07-07,25407,Reviewer 1117,Clean and comfortable.
418,1118,2025-12-07,39309,Reviewer 1118,Not as described.
44,1119,2025-05-21,81918,Reviewer 1119,Host was very helpful.
271,1120,2025-05-14,28895,Reviewer 1120,Host was very helpful.
78,1121,2025-12-09,96912,Reviewer 1121,Great place!
326,1122,2025-08-02,10370,Reviewer 1122,Excellent location.
178,1123,2025-05-28,10486,Reviewer 1123,Great place!
357,1124,2025-06-24,33762,Reviewer 1124,Not as described.
498,1125,2025-12-29,36613,Reviewer 1125,Would stay again.
416,1126,2025-07-26,13196,Reviewer 1126,Host was very helpful.
451,1127,2026-04-21,86349,Reviewer 1127,Excellent location.
3,1128,2026-01-22,74839,Reviewer 1128,Would stay again.
214,1129,2025-06-30,51916,Reviewer 1129,Clean and comfortable.
342,1130,2025-07-23,18572,Reviewer 1130,Host was very helpful.
74,1131,2025-12-13,38225,Reviewer 1131,Disappointed with the experience.
51,1132,2025-09-07,55853,Reviewer 1132,Great place!
67,1133,2025-07-26,59390,Reviewer 1133,Excellent location.
332,1134,2025-06-01,42275,Reviewer 1134,Great place!
93,1135,2025-11-22,82379,Reviewer 1135,Clean and comfortable.
176,1136,2026-02-11,11105,Reviewer 1136,Clean and comfortable.
145,1137,2025-11-19,69896,Reviewer 1137,Host was very helpful.
7,1138,2025-12-15,53209,Reviewer 1138,Disappointed with the experience.
269,1139,2025-09-25,52487,Reviewer 1139,Not as described.
376,1140,2025-10-30,28051,Reviewer 1140,Host was very helpful.
322,1141,2025-11-03,87400,Reviewer 1141,Excellent location.
4,1142,2025-06-27,76961,Reviewer 1142,Not as described.
138,1143,2026-02-23,70156,Reviewer 1143,Excellent location.
231,1144,2025-11-26,67175,Reviewer 1144,Would stay again.
88,1145,2026-02-11,16849,Reviewer 1145,Would stay again.
17,1146,2025-09-15,28976,Reviewer 1146,Not as described.
52,1147,2025-11-29,66866,Reviewer 1147,Not as described.
134,1148,2026-01-21,57078,Reviewer 1148,Host was very helpful.
211,1149,2025-06-08,41113,Reviewer 1149,Disappointed with the experience.
325,1150,2025-11-16,25401,Reviewer 1150,Host was very helpful.
480,1151,2026-03-16,22884,Reviewer 1151,Would stay again.
458,1152,2025-05-23,94360,Reviewer 1152,Excellent location.
393,1153,2025-06-05,47563,Reviewer 1153,Disappointed with the experience.
219,1154,2025-07-04,44414,Reviewer 1154,Clean and comfortable.
205,1155,2025-05-03,26142,Reviewer 1155,Excellent location.
211,1156,2025-10-02,81492,Reviewer 1156,Host was very helpful.
277,1157,2025-12-31,89464,Reviewer 1157,Not as described.
24,1158,2025-07-18,85257,Reviewer 1158,Would stay again.
486,1159,2026-04-14,86693,Reviewer 1159,Excellent location.
4,1160,2025-08-28,45135,Reviewer 1160,Clean and comfortable.
152,1161,2025-07-26,82232,Reviewer 1161,Host was very helpful.
443,1162,2025-05-21,37862,Reviewer 1162,Great place!
483,1163,2025-08-03,15190,Reviewer 1163,Not as described.
259,1164,2026-02-25,80199,Reviewer 1164,Host was very helpful.
324,1165,2025-12-02,14331,Reviewer 1165,Host was very helpful.
357,1166,2026-02-24,62186,Reviewer 1166,Clean and comfortable.
168,1167,2025-11-11,54648,Reviewer 1167,Excellent location.
176,1168,2025-06-03,38549,Reviewer 1168,Great place!
310,1169,2025-08-09,91782,Reviewer 1169,Great place!
291,1170,2026-04-12,35761,Reviewer 1170,Disappointed with the experience.
479,1171,2025-06-17,13262,Reviewer 1171,Not as described.
56,1172,2025-10-28,61259,Reviewer 1172,Disappointed with the experience.
108,1173,2025-08-28,82572,Reviewer 1173,Host was very helpful.
473,1174,2025-05-08,63472,Reviewer 1174,Host was very helpful.
296,1175,2026-03-28,97858,Reviewer 1175,Great place!
461,1176,2025-05-22,94667,Reviewer 1176,Great place!
324,1177,2026-02-11,14677,Reviewer 1177,Excellent location.
302,1178,2025-11-23,83508,Reviewer 1178,Host was very helpful.
334,1179,2026-02-15,90865,Reviewer 1179,Not as described.
141,1180,2025-09-08,60617,Reviewer 1180,Disappointed with the experience.
155,1181,2025-08-27,96029,Reviewer 1181,Clean and comfortable.
262,1182,2025-08-28,28595,Reviewer 1182,Great place!
273,1183,2025-10-13,97459,Reviewer 1183,Clean and comfortable.
420,1184,2025-05-30,70148,Reviewer 1184,Great place!
232,1185,2025-12-18,56926,Reviewer 1185,Clean and comfortable.
241,1186,2025-11-10,85271,Reviewer 1186,Great place!
355,1187,2026-02-21,44457,Reviewer 1187,Would stay again.
337,1188,2026-03-07,52531,Reviewer 1188,Disappointed with the experience.
489,1189,2026-03-15,83263,Reviewer 1189,Host was very helpful.
258,1190,2025-12-31,83300,Reviewer 1190,Would stay again.
249,1191,2025-12-05,73171,Reviewer 1191,Clean and comfortable.
77,1192,2025-10-17,55771,Reviewer 1192,Clean and comfortable.
180,1193,2025-09-15,76354,Reviewer 1193,Would stay again.
66,1194,2025-08-20,47289,Reviewer 1194,Not as described.
308,1195,2025-09-26,43892,Reviewer 1195,Would stay again.
348,1196,2025-09-26,81196,Reviewer 1196,Excellent location.
171,1197,2025-05-17,48409,Reviewer 1197,Would stay again.
474,1198,2026-02-18,44470,Reviewer 1198,Great place!
22,1199,2026-02-05,28385,Reviewer 1199,Not as described.
367,1200,2025-11-23,33296,Reviewer 1200,Excellent location.
107,1201,2025-11-06,71716,Reviewer 1201,Clean and comfortable.
439,1202,2026-02-12,99152,Reviewer 1202,Would stay again.
323,1203,2026-03-18,36382,Reviewer 1203,Disappointed with the experience.
227,1204,2025-06-15,86675,Reviewer 1204,Would stay again.
444,1205,2026-02-03,32419,Reviewer 1205,Host was very helpful.
442,1206,2025-12-03,91238,Reviewer 1206,Would stay again.
396,1207,2025-06-26,49291,Reviewer 1207,Would stay again.
216,1208,2025-07-18,22397,Reviewer 1208,Not as described.
69,1209,2026-04-06,67888,Reviewer 1209,Host was very helpful.
84,1210,2025-05-21,45169,Reviewer 1210,Would stay again.
103,1211,2026-04-04,72182,Reviewer 1211,Clean and comfortable.
39,1212,2025-07-12,52249,Reviewer 1212,Disappointed with the experience.
13,1213,2026-01-09,38341,Reviewer 1213,Disappointed with the experience.
297,1214,2025-09-09,85603,Reviewer 1214,Host was very helpful.
313,1215,2025-04-23,56144,Reviewer 1215,Great place!
181,1216,2025-07-09,71772,Reviewer 1216,Great place!
493,1217,2025-11-16,89360,Reviewer 1217,Not as described.
268,1218,2026-03-24,23444,Reviewer 1218,Would stay again.
13,1219,2025-10-26,55647,Reviewer 1219,Excellent location.
120,1220,2026-01-07,20974,Reviewer 1220,Not as described.
458,1221,2025-07-25,48383,Reviewer 1221,Would stay again.
353,1222,2025-10-16,91552,Reviewer 1222,Host was very helpful.
57,1223,2025-11-09,12956,Reviewer 1223,Great place!
40,1224,2025-09-25,18077,Reviewer 1224,Host was very helpful.
374,1225,2025-07-05,46490,Reviewer 1225,Clean and comfortable.
336,1226,2025-10-10,65612,Reviewer 1226,Clean and comfortable.
128,1227,2025-10-29,46159,Reviewer 1227,Disappointed with the experience.
173,1228,2025-07-12,49710,Reviewer 1228,Excellent location.
35,1229,2025-12-23,93536,Reviewer 1229,Host was very helpful.
259,1230,2026-04-04,23806,Reviewer 1230,Host was very helpful.
376,1231,2025-06-28,88345,Reviewer 1231,Excellent location.
5,1232,2025-08-29,90391,Reviewer 1232,Great place!
218,1233,2025-06-02,16458,Reviewer 1233,Clean and comfortable.
11,1234,2025-11-03,45524,Reviewer 1234,Great place!
382,1235,2026-01-04,16853,Reviewer 1235,Host was very helpful.
327,1236,2025-06-18,50477,Reviewer 1236,Host was very helpful.
117,1237,2025-06-07,42222,Reviewer 1237,Not as described.
184,1238,2026-03-31,28320,Reviewer 1238,Would stay again.
394,1239,2026-03-29,62243,Reviewer 1239,Disappointed with the experience.
362,1240,2025-06-27,55615,Reviewer 1240,Would stay again.
116,1241,2025-09-22,27352,Reviewer 1241,Disappointed with the experience.
162,1242,2025-11-18,82833,Reviewer 1242,Would stay again.
67,1243,2025-11-29,13203,Reviewer 1243,Host was very helpful.
200,1244,2025-09-07,49267,Reviewer 1244,Would stay again.
31,1245,2025-07-09,47941,Reviewer 1245,Excellent location.
75,1246,2026-02-16,92809,Reviewer 1246,Not as described.
237,1247,2025-09-29,35368,Reviewer 1247,Clean and comfortable.
327,1248,2026-03-01,87186,Reviewer 1248,Clean and comfortable.
493,1249,2026-03-08,40984,Reviewer 1249,Great place!
66,1250,2026-03-31,51941,Reviewer 1250,Not as described.
70,1251,2026-03-13,82918,Reviewer 1251,Great place!
297,1252,2025-12-27,62683,Reviewer 1252,Disappointed with the experience.
447,1253,2025-08-02,10801,Reviewer 1253,Host was very helpful.
416,1254,2025-04-22,57965,Reviewer 1254,Not as described.
20,1255,2025-07-02,95269,Reviewer 1255,Clean and comfortable.
441,1256,2025-07-19,19969,Reviewer 1256,Would stay again.
226,1257,2025-10-11,45969,Reviewer 1257,Disappointed with the experience.
434,1258,2026-01-25,92269,Reviewer 1258,Clean and comfortable.
464,1259,2026-02-05,42449,Reviewer 1259,Great place!
409,1260,2026-03-27,35705,Reviewer 1260,Disappointed with the experience.
396,1261,2025-11-14,70303,Reviewer 1261,Excellent location.
199,1262,2025-07-20,38363,Reviewer 1262,Clean and comfortable.
39,1263,2025-07-12,40720,Reviewer 1263,Not as described.
145,1264,2026-04-22,19972,Reviewer 1264,Host was very helpful.
45,1265,2025-10-04,43351,Reviewer 1265,Excellent location.
395,1266,2026-03-25,46145,Reviewer 1266,Disappointed with the experience.
326,1267,2025-09-01,97948,Reviewer 1267,Clean and comfortable.
381,1268,2025-09-20,99614,Reviewer 1268,Clean and comfortable.
407,1269,2025-10-24,98116,Reviewer 1269,Excellent location.
91,1270,2025-10-16,66235,Reviewer 1270,Excellent location.
238,1271,2026-01-31,24855,Reviewer 1271,Great place!
70,1272,2026-02-07,46169,Reviewer 1272,Would stay again.
166,1273,2025-11-17,56404,Reviewer 1273,Would stay again.
130,1274,2025-04-30,29569,Reviewer 1274,Excellent location.
214,1275,2026-03-24,64437,Reviewer 1275,Host was very helpful.
340,1276,2025-07-27,58506,Reviewer 1276,Would stay again.
89,1277,2025-08-16,35738,Reviewer 1277,Clean and comfortable.
335,1278,2025-12-17,16772,Reviewer 1278,Host was very helpful.
252,1279,2025-11-17,29731,Reviewer 1279,Disappointed with the experience.
369,1280,2025-06-30,20131,Reviewer 1280,Excellent location.
349,1281,2025-11-03,76324,Reviewer 1281,Disappointed with the experience.
72,1282,2026-03-12,64097,Reviewer 1282,Host was very helpful.
165,1283,2026-04-15,91720,Reviewer 1283,Not as described.
49,1284,2025-07-16,12889,Reviewer 1284,Would stay again.
52,1285,2026-01-21,19569,Reviewer 1285,Not as described.
289,1286,2025-12-29,97193,Reviewer 1286,Not as described.
278,1287,2025-04-22,85677,Reviewer 1287,Not as described.
114,1288,2025-12-31,95192,Reviewer 1288,Clean and comfortable.
239,1289,2025-09-06,97154,Reviewer 1289,Clean and comfortable.
133,1290,2025-11-21,87470,Reviewer 1290,Great place!
487,1291,2025-08-28,98822,Reviewer 1291,Host was very helpful.
274,1292,2025-10-09,17612,Reviewer 1292,Disappointed with the experience.
166,1293,2025-08-11,61644,Reviewer 1293,Host was very helpful.
374,1294,2025-08-13,42069,Reviewer 1294,Great place!
373,1295,2026-03-15,91741,Reviewer 1295,Clean and comfortable.
293,1296,2025-08-01,37331,Reviewer 1296,Great place!
478,1297,2025-09-02,65897,Reviewer 1297,Host was very helpful.
243,1298,2025-12-24,23934,Reviewer 1298,Disappointed with the experience.
479,1299,2025-09-18,20095,Reviewer 1299,Excellent location.
320,1300,2025-05-24,28706,Reviewer 1300,Great place!
138,1301,2026-04-04,53516,Reviewer 1301,Great place!
79,1302,2025-07-22,44629,Reviewer 1302,Disappointed with the experience.
170,1303,2025-07-02,56910,Reviewer 1303,Host was very helpful.
123,1304,2025-10-11,98540,Reviewer 1304,Disappointed with the experience.
176,1305,2026-01-03,30431,Reviewer 1305,Disappointed with the experience.
300,1306,2026-04-12,66733,Reviewer 1306,Disappointed with the experience.
82,1307,2025-07-28,50088,Reviewer 1307,Would stay again.
87,1308,2025-07-26,54135,Reviewer 1308,Disappointed with the experience.
225,1309,2025-12-13,48015,Reviewer 1309,Clean and comfortable.
16,1310,2026-03-16,41385,Reviewer 1310,Would stay again.
310,1311,2025-06-06,80199,Reviewer 1311,Disappointed with the experience.
358,1312,2026-04-16,48677,Reviewer 1312,Great place!
163,1313,2026-01-01,22818,Reviewer 1313,Not as described.
98,1314,2025-09-29,98222,Reviewer 1314,Host was very helpful.
156,1315,2025-08-16,73001,Reviewer 1315,Disappointed with the experience.
2,1316,2025-06-11,33977,Reviewer 1316,Would stay again.
350,1317,2025-05-15,59832,Reviewer 1317,Host was very helpful.
397,1318,2025-08-04,50931,Reviewer 1318,Disappointed with the experience.
169,1319,2026-01-07,93990,Reviewer 1319,Not as described.
464,1320,2025-06-14,88894,Reviewer 1320,Not as described.
315,1321,2025-09-06,82204,Reviewer 1321,Clean and comfortable.
325,1322,2026-02-22,55784,Reviewer 1322,Would stay again.
375,1323,2025-06-07,19921,Reviewer 1323,Great place!
92,1324,2025-05-30,44959,Reviewer 1324,Excellent location.
181,1325,2026-01-19,42328,Reviewer 1325,Great place!
231,1326,2025-07-10,18859,Reviewer 1326,Clean and comfortable.
301,1327,2025-10-30,99506,Reviewer 1327,Excellent location.
148,1328,2026-03-27,84408,Reviewer 1328,Excellent location.
280,1329,2026-03-15,94766,Reviewer 1329,Clean and comfortable.
189,1330,2025-05-05,36708,Reviewer 1330,Not as described.
347,1331,2026-03-02,28847,Reviewer 1331,Clean and comfortable.
350,1332,2026-04-04,65989,Reviewer 1332,Not as described.
314,1333,2025-10-03,14922,Reviewer 1333,Excellent location.
493,1334,2025-10-19,79928,Reviewer 1334,Great place!
411,1335,2025-12-15,62335,Reviewer 1335,Not as described.
410,1336,2025-06-27,23541,Reviewer 1336,Great place!
128,1337,2025-11-22,29551,Reviewer 1337,Clean and comfortable.
7,1338,2026-03-08,29381,Reviewer 1338,Excellent location.
426,1339,2026-03-08,65673,Reviewer 1339,Clean and comfortable.
47,1340,2025-12-22,32948,Reviewer 1340,Excellent location.
53,1341,2025-08-15,69072,Reviewer 1341,Great place!
187,1342,2025-06-16,77560,Reviewer 1342,Would stay again.
38,1343,2026-01-21,92249,Reviewer 1343,Host was very helpful.
453,1344,2026-04-02,12486,Reviewer 1344,Excellent location.
471,1345,2025-07-23,76691,Reviewer 1345,Great place!
476,1346,2026-02-23,20082,Reviewer 1346,Excellent location.
226,1347,2025-08-06,94105,Reviewer 1347,Would stay again.
53,1348,2026-02-13,17086,Reviewer 1348,Disappointed with the experience.
399,1349,2025-08-01,77853,Reviewer 1349,Great place!
224,1350,2026-02-22,80027,Reviewer 1350,Great place!
154,1351,2025-05-16,25916,Reviewer 1351,Would stay again.
48,1352,2025-07-01,25248,Reviewer 1352,Disappointed with the experience.
351,1353,2025-12-23,78047,Reviewer 1353,Excellent location.
147,1354,2026-03-07,34226,Reviewer 1354,Would stay again.
393,1355,2025-11-22,35025,Reviewer 1355,Clean and comfortable.
64,1356,2025-08-03,58380,Reviewer 1356,Host was very helpful.
349,1357,2025-12-16,17848,Reviewer 1357,Disappointed with the experience.
182,1358,2025-07-28,24274,Reviewer 1358,Clean and comfortable.
125,1359,2025-09-22,64545,Reviewer 1359,Clean and comfortable.
179,1360,2026-02-26,45233,Reviewer 1360,Great place!
39,1361,2025-07-04,26304,Reviewer 1361,Clean and comfortable.
260,1362,2025-06-11,21294,Reviewer 1362,Great place!
382,1363,2026-04-17,36425,Reviewer 1363,Disappointed with the experience.
3,1364,2026-02-13,78711,Reviewer 1364,Not as described.
64,1365,2025-06-14,19425,Reviewer 1365,Disappointed with the experience.
29,1366,2025-05-30,54990,Reviewer 1366,Host was very helpful.
372,1367,2026-02-17,83746,Reviewer 1367,Disappointed with the experience.
11,1368,2025-05-16,78295,Reviewer 1368,Clean and comfortable.
97,1369,2025-08-18,26091,Reviewer 1369,Not as described.
358,1370,2025-05-08,10002,Reviewer 1370,Disappointed with the experience.
442,1371,2025-05-07,60411,Reviewer 1371,Disappointed with the experience.
203,1372,2026-01-07,50958,Reviewer 1372,Great place!
411,1373,2025-12-18,30707,Reviewer 1373,Disappointed with the experience.
481,1374,2025-08-07,25248,Reviewer 1374,Not as described.
21,1375,2025-12-01,81309,Reviewer 1375,Clean and comfortable.
39,1376,2026-01-05,88322,Reviewer 1376,Would stay again.
223,1377,2026-01-27,61720,Reviewer 1377,Host was very helpful.
102,1378,2025-04-25,25037,Reviewer 1378,Not as described.
46,1379,2025-05-14,77421,Reviewer 1379,Great place!
66,1380,2025-09-29,91867,Reviewer 1380,Excellent location.
91,1381,2026-02-22,50612,Reviewer 1381,Excellent location.
164,1382,2025-12-25,98031,Reviewer 1382,Clean and comfortable.
459,1383,2025-06-01,23450,Reviewer 1383,Great place!
111,1384,2026-01-14,19491,Reviewer 1384,Excellent location.
338,1385,2025-09-06,84804,Reviewer 1385,Excellent location.
123,1386,2026-04-19,16791,Reviewer 1386,Excellent location.
193,1387,2025-11-29,38314,Reviewer 1387,Not as described.
447,1388,2026-04-03,61883,Reviewer 1388,Clean and comfortable.
99,1389,2026-02-17,97086,Reviewer 1389,Not as described.
291,1390,2025-12-23,75629,Reviewer 1390,Not as described.
159,1391,2025-06-09,19967,Reviewer 1391,Clean and comfortable.
412,1392,2025-06-20,91754,Reviewer 1392,Excellent location.
103,1393,2025-07-09,53220,Reviewer 1393,Host was very helpful.
385,1394,2025-07-27,84163,Reviewer 1394,Clean and comfortable.
281,1395,2025-08-13,14947,Reviewer 1395,Would stay again.
43,1396,2026-04-04,49419,Reviewer 1396,Not as described.
486,1397,2026-01-27,66131,Reviewer 1397,Would stay again.
84,1398,2025-07-29,98714,Reviewer 1398,Not as described.
451,1399,2026-02-26,38876,Reviewer 1399,Host was very helpful.
191,1400,2026-03-22,98444,Reviewer 1400,Would stay again.
51,1401,2025-12-21,29971,Reviewer 1401,Clean and comfortable.
386,1402,2026-03-27,72539,Reviewer 1402,Not as described.
210,1403,2025-08-17,59228,Reviewer 1403,Disappointed with the experience.
126,1404,2025-07-14,84495,Reviewer 1404,Host was very helpful.
492,1405,2025-07-29,38261,Reviewer 1405,Host was very helpful.
448,1406,2025-06-01,71260,Reviewer 1406,Disappointed with the experience.
458,1407,2025-08-09,91371,Reviewer 1407,Would stay again.
69,1408,2025-10-24,94793,Reviewer 1408,Would stay again.
265,1409,2025-09-21,13346,Reviewer 1409,Disappointed with the experience.
258,1410,2025-08-02,66176,Reviewer 1410,Disappointed with the experience.
418,1411,2025-11-05,62300,Reviewer 1411,Host was very helpful.
188,1412,2025-04-22,21340,Reviewer 1412,Disappointed with the experience.
230,1413,2025-06-16,43012,Reviewer 1413,Not as described.
189,1414,2025-08-04,45393,Reviewer 1414,Not as described.
415,1415,2025-10-30,85133,Reviewer 1415,Not as described.
10,1416,2026-01-21,35557,Reviewer 1416,Host was very helpful.
114,1417,2025-09-20,74204,Reviewer 1417,Not as described.
76,1418,2025-11-24,83273,Reviewer 1418,Not as described.
164,1419,2025-12-31,27276,Reviewer 1419,Clean and comfortable.
85,1420,2025-06-07,64639,Reviewer 1420,Clean and comfortable.
49,1421,2025-07-12,17310,Reviewer 1421,Would stay again.
495,1422,2025-12-11,45167,Reviewer 1422,Excellent location.
326,1423,2025-07-07,94880,Reviewer 1423,Host was very helpful.
496,1424,2025-05-11,20391,Reviewer 1424,Great place!
177,1425,2026-01-07,60621,Reviewer 1425,Not as described.
387,1426,2025-10-21,20892,Reviewer 1426,Excellent location.
458,1427,2025-12-30,86733,Reviewer 1427,Would stay again.
389,1428,2025-05-11,88586,Reviewer 1428,Not as described.
494,1429,2025-11-03,46142,Reviewer 1429,Disappointed with the experience.
218,1430,2025-05-15,55679,Reviewer 1430,Excellent location.
189,1431,2025-04-30,51615,Reviewer 1431,Not as described.
469,1432,2025-09-29,57553,Reviewer 1432,Not as described.
493,1433,2026-02-28,89071,Reviewer 1433,Would stay again.
346,1434,2025-09-11,51002,Reviewer 1434,Host was very helpful.
230,1435,2026-03-10,80658,Reviewer 1435,Excellent location.
255,1436,2025-07-26,19852,Reviewer 1436,Would stay again.
236,1437,2025-10-02,15387,Reviewer 1437,Great place!
26,1438,2026-03-30,49994,Reviewer 1438,Great place!
72,1439,2025-08-11,43725,Reviewer 1439,Not as described.
261,1440,2025-07-21,82682,Reviewer 1440,Disappointed with the experience.
254,1441,2025-06-02,10560,Reviewer 1441,Would stay again.
271,1442,2025-10-19,66565,Reviewer 1442,Host was very helpful.
123,1443,2025-08-17,11312,Reviewer 1443,Excellent location.
144,1444,2026-04-12,28205,Reviewer 1444,Great place!
257,1445,2026-02-15,21595,Reviewer 1445,Host was very helpful.
144,1446,2025-11-04,97566,Reviewer 1446,Great place!
421,1447,2025-12-31,31329,Reviewer 1447,Great place!
259,1448,2025-07-02,78187,Reviewer 1448,Great place!
436,1449,2025-05-19,85542,Reviewer 1449,Host was very helpful.
47,1450,2025-07-26,45645,Reviewer 1450,Clean and comfortable.
351,1451,2025-08-10,97502,Reviewer 1451,Would stay again.
13,1452,2025-10-28,97310,Reviewer 1452,Disappointed with the experience.
376,1453,2025-08-01,79619,Reviewer 1453,Great place!
208,1454,2026-02-11,43513,Reviewer 1454,Great place!
311,1455,2025-12-17,18749,Reviewer 1455,Excellent location.
235,1456,2025-07-23,40783,Reviewer 1456,Not as described.
149,1457,2025-12-27,70645,Reviewer 1457,Would stay again.
322,1458,2025-05-18,92861,Reviewer 1458,Clean and comfortable.
438,1459,2026-01-28,63175,Reviewer 1459,Would stay again.
155,1460,2025-09-05,94216,Reviewer 1460,Not as described.
166,1461,2026-02-10,72709,Reviewer 1461,Great place!
90,1462,2026-03-08,27323,Reviewer 1462,Clean and comfortable.
186,1463,2025-12-04,60762,Reviewer 1463,Would stay again.
318,1464,2025-11-19,98220,Reviewer 1464,Not as described.
358,1465,2025-09-23,74222,Reviewer 1465,Clean and comfortable.
174,1466,2026-04-20,44493,Reviewer 1466,Excellent location.
217,1467,2025-05-17,68328,Reviewer 1467,Would stay again.
395,1468,2025-09-15,22213,Reviewer 1468,Not as described.
456,1469,2025-07-31,56930,Reviewer 1469,Clean and comfortable.
264,1470,2025-07-19,37713,Reviewer 1470,Disappointed with the experience.
97,1471,2026-04-20,82723,Reviewer 1471,Clean and comfortable.
117,1472,2025-09-02,42583,Reviewer 1472,Disappointed with the experience.
199,1473,2025-08-11,89944,Reviewer 1473,Host was very helpful.
320,1474,2026-02-25,32369,Reviewer 1474,Clean and comfortable.
486,1475,2025-10-05,57928,Reviewer 1475,Would stay again.
21,1476,2026-01-12,78950,Reviewer 1476,Excellent location.
200,1477,2025-08-08,29510,Reviewer 1477,Host was very helpful.
371,1478,2025-12-23,22120,Reviewer 1478,Clean and comfortable.
447,1479,2026-01-20,15295,Reviewer 1479,Great place!
341,1480,2025-06-22,30460,Reviewer 1480,Not as described.
448,1481,2025-05-05,24963,Reviewer 1481,Great place!
248,1482,2025-08-29,87116,Reviewer 1482,Not as described.
276,1483,2026-03-07,97822,Reviewer 1483,Disappointed with the experience.
264,1484,2025-08-20,37328,Reviewer 1484,Disappointed with the experience.
58,1485,2025-09-17,94629,Reviewer 1485,Excellent location.
302,1486,2026-03-13,31605,Reviewer 1486,Great place!
31,1487,2025-07-01,54813,Reviewer 1487,Great place!
498,1488,2026-02-16,56371,Reviewer 1488,Clean and comfortable.
249,1489,2025-09-13,57598,Reviewer 1489,Disappointed with the experience.
93,1490,2025-10-08,70776,Reviewer 1490,Excellent location.
496,1491,2025-10-05,82258,Reviewer 1491,Disappointed with the experience.
265,1492,2025-11-16,50969,Reviewer 1492,Not as described.
271,1493,2025-11-22,46912,Reviewer 1493,Clean and comfortable.
94,1494,2026-04-08,48374,Reviewer 1494,Great place!
154,1495,2025-09-21,82302,Reviewer 1495,Clean and comfortable.
394,1496,2025-11-20,72784,Reviewer 1496,Disappointed with the experience.
285,1497,2025-11-16,59882,Reviewer 1497,Clean and comfortable.
80,1498,2025-06-18,25928,Reviewer 1498,Great place!
292,1499,2025-11-20,31274,Reviewer 1499,Excellent location.
84,1500,2026-03-23,44416,Reviewer 1500,Disappointed with the experience.
365,1501,2025-10-13,96148,Reviewer 1501,Excellent location.
374,1502,2025-05-13,70998,Reviewer 1502,Disappointed with the experience.
37,1503,2025-05-03,39047,Reviewer 1503,Great place!
342,1504,2026-01-03,53356,Reviewer 1504,Excellent location.
327,1505,2026-02-09,47134,Reviewer 1505,Host was very helpful.
407,1506,2025-08-09,77042,Reviewer 1506,Host was very helpful.
425,1507,2026-01-18,61310,Reviewer 1507,Excellent location.
232,1508,2026-01-21,90758,Reviewer 1508,Great place!
93,1509,2025-09-25,22363,Reviewer 1509,Not as described.
336,1510,2026-03-29,95149,Reviewer 1510,Great place!
102,1511,2025-12-10,54563,Reviewer 1511,Host was very helpful.
412,1512,2026-02-19,40628,Reviewer 1512,Host was very helpful.
432,1513,2025-09-25,79672,Reviewer 1513,Would stay again.
166,1514,2026-04-04,56246,Reviewer 1514,Host was very helpful.
159,1515,2025-12-23,21161,Reviewer 1515,Would stay again.
14,1516,2025-08-23,99110,Reviewer 1516,Disappointed with the experience.
373,1517,2025-06-24,12810,Reviewer 1517,Excellent location.
225,1518,2026-02-26,69860,Reviewer 1518,Great place!
73,1519,2025-11-25,87199,Reviewer 1519,Great place!
249,1520,2025-09-15,81688,Reviewer 1520,Not as described.
91,1521,2025-06-19,75548,Reviewer 1521,Great place!
216,1522,2025-06-26,72363,Reviewer 1522,Host was very helpful.
461,1523,2025-07-02,21162,Reviewer 1523,Excellent location.
90,1524,2026-01-16,97858,Reviewer 1524,Excellent location.
29,1525,2025-06-25,83535,Reviewer 1525,Disappointed with the experience.
435,1526,2025-06-06,17219,Reviewer 1526,Great place!
305,1527,2025-04-22,80864,Reviewer 1527,Would stay again.
427,1528,2026-01-12,13621,Reviewer 1528,Excellent location.
476,1529,2026-01-13,99792,Reviewer 1529,Clean and comfortable.
220,1530,2025-09-19,54433,Reviewer 1530,Clean and comfortable.
328,1531,2025-08-02,86850,Reviewer 1531,Excellent location.
215,1532,2025-05-23,76188,Reviewer 1532,Not as described.
221,1533,2025-08-06,64951,Reviewer 1533,Excellent location.
389,1534,2025-12-11,91718,Reviewer 1534,Excellent location.
42,1535,2025-05-02,46558,Reviewer 1535,Clean and comfortable.
135,1536,2025-05-07,25659,Reviewer 1536,Not as described.
42,1537,2026-02-08,44413,Reviewer 1537,Not as described.
164,1538,2025-11-03,20435,Reviewer 1538,Not as described.
361,1539,2025-11-22,63911,Reviewer 1539,Not as described.
283,1540,2026-04-18,38067,Reviewer 1540,Host was very helpful.
58,1541,2025-09-19,97794,Reviewer 1541,Clean and comfortable.
302,1542,2025-07-02,79224,Reviewer 1542,Not as described.
322,1543,2025-10-05,83225,Reviewer 1543,Not as described.
25,1544,2025-10-18,11379,Reviewer 1544,Great place!
73,1545,2025-10-01,37624,Reviewer 1545,Excellent location.
373,1546,2025-09-01,98427,Reviewer 1546,Disappointed with the experience.
411,1547,2025-11-24,67745,Reviewer 1547,Disappointed with the experience.
129,1548,2026-04-03,61805,Reviewer 1548,Host was very helpful.
87,1549,2026-01-14,22516,Reviewer 1549,Not as described.
330,1550,2025-06-09,89422,Reviewer 1550,Clean and comfortable.
426,1551,2026-03-08,95843,Reviewer 1551,Excellent location.
436,1552,2025-05-03,34843,Reviewer 1552,Not as described.
153,1553,2025-12-29,15912,Reviewer 1553,Clean and comfortable.
182,1554,2026-01-07,31514,Reviewer 1554,Disappointed with the experience.
125,1555,2025-12-14,97359,Reviewer 1555,Great place!
67,1556,2025-11-06,67032,Reviewer 1556,Would stay again.
6,1557,2026-04-19,38797,Reviewer 1557,Disappointed with the experience.
125,1558,2025-09-22,16449,Reviewer 1558,Not as described.
314,1559,2025-04-30,11725,Reviewer 1559,Great place!
326,1560,2025-10-31,91406,Reviewer 1560,Would stay again.
53,1561,2026-01-16,19304,Reviewer 1561,Clean and comfortable.
66,1562,2026-01-12,83058,Reviewer 1562,Disappointed with the experience.
314,1563,2026-04-17,23663,Reviewer 1563,Would stay again.
82,1564,2025-08-06,80320,Reviewer 1564,Disappointed with the experience.
87,1565,2026-03-07,85008,Reviewer 1565,Excellent location.
2,1566,2026-02-06,85591,Reviewer 1566,Great place!
204,1567,2026-03-19,22676,Reviewer 1567,Host was very helpful.
150,1568,2025-05-03,35192,Reviewer 1568,Host was very helpful.
293,1569,2025-07-18,34722,Reviewer 1569,Not as described.
404,1570,2025-11-28,17446,Reviewer 1570,Excellent location.
103,1571,2026-03-15,14725,Reviewer 1571,Great place!
24,1572,2025-04-27,95597,Reviewer 1572,Host was very helpful.
368,1573,2025-05-30,98207,Reviewer 1573,Host was very helpful.
212,1574,2025-06-20,67632,Reviewer 1574,Would stay again.
65,1575,2025-10-30,76945,Reviewer 1575,Not as described.
449,1576,2026-01-26,83741,Reviewer 1576,Clean and comfortable.
209,1577,2025-04-22,26365,Reviewer 1577,Disappointed with the experience.
251,1578,2025-12-23,75792,Reviewer 1578,Would stay again.
385,1579,2025-08-18,74857,Reviewer 1579,Disappointed with the experience.
117,1580,2026-01-06,25704,Reviewer 1580,Excellent location.
116,1581,2026-04-15,60575,Reviewer 1581,Clean and comfortable.
237,1582,2026-03-31,39902,Reviewer 1582,Excellent location.
478,1583,2025-10-30,11195,Reviewer 1583,Clean and comfortable.
105,1584,2026-03-14,63517,Reviewer 1584,Excellent location.
495,1585,2025-06-15,44012,Reviewer 1585,Disappointed with the experience.
259,1586,2026-01-06,21415,Reviewer 1586,Great place!
46,1587,2025-05-30,49534,Reviewer 1587,Clean and comfortable.
311,1588,2026-03-06,31686,Reviewer 1588,Great place!
331,1589,2026-03-06,87198,Reviewer 1589,Clean and comfortable.
216,1590,2025-09-19,38743,Reviewer 1590,Would stay again.
470,1591,2025-06-11,42161,Reviewer 1591,Great place!
448,1592,2026-03-07,71313,Reviewer 1592,Great place!
492,1593,2025-09-06,12402,Reviewer 1593,Would stay again.
301,1594,2025-11-19,73190,Reviewer 1594,Disappointed with the experience.
410,1595,2026-04-20,62551,Reviewer 1595,Great place!
333,1596,2025-07-12,23275,Reviewer 1596,Disappointed with the experience.
449,1597,2026-01-06,38182,Reviewer 1597,Not as described.
24,1598,2025-12-21,24915,Reviewer 1598,Excellent location.
458,1599,2025-04-30,10909,Reviewer 1599,Disappointed with the experience.
35,1600,2026-02-23,75908,Reviewer 1600,Host was very helpful.
24,1601,2025-10-02,32620,Reviewer 1601,Disappointed with the experience.
28,1602,2026-01-25,44112,Reviewer 1602,Excellent location.
484,1603,2025-08-24,84051,Reviewer 1603,Host was very helpful.
464,1604,2026-02-07,12431,Reviewer 1604,Great place!
488,1605,2025-12-15,96590,Reviewer 1605,Excellent location.
16,1606,2025-10-21,72175,Reviewer 1606,Great place!
59,1607,2025-05-22,42624,Reviewer 1607,Great place!
465,1608,2026-01-25,86121,Reviewer 1608,Not as described.
243,1609,2026-01-09,71264,Reviewer 1609,Clean and comfortable.
438,1610,2025-07-23,41958,Reviewer 1610,Disappointed with the experience.
207,1611,2026-04-13,11695,Reviewer 1611,Excellent location.
400,1612,2026-02-05,59932,Reviewer 1612,Not as described.
271,1613,2026-03-17,54225,Reviewer 1613,Clean and comfortable.
249,1614,2025-07-03,11403,Reviewer 1614,Great place!
482,1615,2026-03-05,93346,Reviewer 1615,Excellent location.
267,1616,2025-07-24,84391,Reviewer 1616,Not as described.
193,1617,2025-07-09,48636,Reviewer 1617,Great place!
335,1618,2025-08-30,20839,Reviewer 1618,Clean and comfortable.
218,1619,2025-07-23,75546,Reviewer 1619,Excellent location.
115,1620,2025-11-05,57829,Reviewer 1620,Not as described.
68,1621,2025-09-10,19230,Reviewer 1621,Not as described.
299,1622,2025-12-24,61977,Reviewer 1622,Would stay again.
325,1623,2025-05-29,50232,Reviewer 1623,Great place!
483,1624,2026-03-14,35651,Reviewer 1624,Disappointed with the experience.
397,1625,2025-05-01,49963,Reviewer 1625,Disappointed with the experience.
394,1626,2026-02-27,65872,Reviewer 1626,Disappointed with the experience.
75,1627,2025-12-05,89198,Reviewer 1627,Excellent location.
466,1628,2025-10-22,23739,Reviewer 1628,Disappointed with the experience.
482,1629,2025-12-05,73294,Reviewer 1629,Disappointed with the experience.
103,1630,2026-04-17,58356,Reviewer 1630,Would stay again.
297,1631,2025-05-19,11789,Reviewer 1631,Disappointed with the experience.
490,1632,2025-08-09,29420,Reviewer 1632,Would stay again.
178,1633,2025-12-30,99297,Reviewer 1633,Host was very helpful.
215,1634,2025-06-23,47606,Reviewer 1634,Host was very helpful.
455,1635,2025-04-30,48640,Reviewer 1635,Would stay again.
315,1636,2026-01-06,54135,Reviewer 1636,Not as described.
39,1637,2026-03-28,47067,Reviewer 1637,Great place!
259,1638,2025-10-23,68420,Reviewer 1638,Disappointed with the experience.
204,1639,2026-01-16,27357,Reviewer 1639,Would stay again.
7,1640,2025-08-16,49851,Reviewer 1640,Excellent location.
49,1641,2026-04-15,48262,Reviewer 1641,Excellent location.
26,1642,2025-06-30,86853,Reviewer 1642,Host was very helpful.
161,1643,2026-02-16,68643,Reviewer 1643,Great place!
357,1644,2025-05-21,31534,Reviewer 1644,Host was very helpful.
176,1645,2025-08-26,42872,Reviewer 1645,Excellent location.
79,1646,2025-05-06,17689,Reviewer 1646,Disappointed with the experience.
2,1647,2025-11-01,79103,Reviewer 1647,Host was very helpful.
489,1648,2026-03-26,96268,Reviewer 1648,Great place!
383,1649,2026-04-16,96310,Reviewer 1649,Not as described.
455,1650,2025-09-06,98731,Reviewer 1650,Would stay again.
416,1651,2025-09-20,47412,Reviewer 1651,Great place!
132,1652,2025-07-01,57734,Reviewer 1652,Excellent location.
276,1653,2025-09-11,97793,Reviewer 1653,Host was very helpful.
498,1654,2026-01-18,79930,Reviewer 1654,Disappointed with the experience.
117,1655,2025-10-18,32228,Reviewer 1655,Disappointed with the experience.
164,1656,2025-07-08,87924,Reviewer 1656,Great place!
288,1657,2025-05-13,21319,Reviewer 1657,Disappointed with the experience.
28,1658,2026-03-27,16475,Reviewer 1658,Excellent location.
333,1659,2025-06-30,93694,Reviewer 1659,Would stay again.
1,1660,2025-10-15,24728,Reviewer 1660,Disappointed with the experience.
188,1661,2025-05-18,39545,Reviewer 1661,Excellent location.
56,1662,2025-06-06,91686,Reviewer 1662,Clean and comfortable.
35,1663,2026-01-20,71756,Reviewer 1663,Disappointed with the experience.
112,1664,2025-06-04,78775,Reviewer 1664,Great place!
286,1665,2026-02-10,48699,Reviewer 1665,Not as described.
310,1666,2025-10-18,46821,Reviewer 1666,Clean and comfortable.
36,1667,2026-01-04,40615,Reviewer 1667,Excellent location.
439,1668,2025-11-05,23746,Reviewer 1668,Disappointed with the experience.
217,1669,2026-03-21,96457,Reviewer 1669,Excellent location.
80,1670,2026-02-16,32745,Reviewer 1670,Clean and comfortable.
314,1671,2025-09-29,11245,Reviewer 1671,Clean and comfortable.
83,1672,2025-10-05,34853,Reviewer 1672,Clean and comfortable.
65,1673,2025-04-29,37632,Reviewer 1673,Excellent location.
325,1674,2025-06-01,22856,Reviewer 1674,Not as described.
128,1675,2025-05-06,66893,Reviewer 1675,Host was very helpful.
307,1676,2025-04-25,80641,Reviewer 1676,Clean and comfortable.
22,1677,2026-03-14,78049,Reviewer 1677,Clean and comfortable.
216,1678,2025-07-13,68182,Reviewer 1678,Would stay again.
107,1679,2025-08-13,12801,Reviewer 1679,Would stay again.
109,1680,2026-04-12,89431,Reviewer 1680,Clean and comfortable.
372,1681,2026-04-19,49749,Reviewer 1681,Excellent location.
357,1682,2025-09-06,83757,Reviewer 1682,Excellent location.
181,1683,2025-08-21,65654,Reviewer 1683,Disappointed with the experience.
356,1684,2025-10-21,81574,Reviewer 1684,Would stay again.
164,1685,2026-03-08,65381,Reviewer 1685,Host was very helpful.
68,1686,2025-12-04,68601,Reviewer 1686,Would stay again.
292,1687,2025-08-13,25082,Reviewer 1687,Not as described.
180,1688,2026-01-14,24648,Reviewer 1688,Great place!
181,1689,2026-03-26,10364,Reviewer 1689,Great place!
466,1690,2025-08-08,44568,Reviewer 1690,Would stay again.
434,1691,2026-03-18,89646,Reviewer 1691,Would stay again.
464,1692,2025-06-07,81494,Reviewer 1692,Host was very helpful.
169,1693,2025-08-29,84632,Reviewer 1693,Clean and comfortable.
402,1694,2025-05-17,17436,Reviewer 1694,Disappointed with the experience.
22,1695,2026-04-19,96713,Reviewer 1695,Not as described.
66,1696,2026-03-22,36754,Reviewer 1696,Not as described.
21,1697,2025-07-19,70194,Reviewer 1697,Would stay again.
100,1698,2025-08-08,34544,Reviewer 1698,Would stay again.
384,1699,2025-07-01,70180,Reviewer 1699,Excellent location.
300,1700,2025-09-29,73295,Reviewer 1700,Host was very helpful.
103,1701,2026-03-26,22638,Reviewer 1701,Disappointed with the experience.
47,1702,2026-01-06,75715,Reviewer 1702,Host was very helpful.
39,1703,2026-02-22,79409,Reviewer 1703,Great place!
285,1704,2026-02-06,93106,Reviewer 1704,Clean and comfortable.
310,1705,2026-01-27,27157,Reviewer 1705,Clean and comfortable.
90,1706,2025-10-21,55565,Reviewer 1706,Not as described.
85,1707,2025-07-23,79996,Reviewer 1707,Disappointed with the experience.
273,1708,2026-04-13,75888,Reviewer 1708,Excellent location.
336,1709,2025-06-08,66095,Reviewer 1709,Disappointed with the experience.
188,1710,2026-03-20,74947,Reviewer 1710,Excellent location.
159,1711,2025-05-14,97122,Reviewer 1711,Great place!
243,1712,2026-02-13,80880,Reviewer 1712,Not as described.
73,1713,2025-04-30,14507,Reviewer 1713,Excellent location.
479,1714,2026-01-25,53988,Reviewer 1714,Clean and comfortable.
462,1715,2025-08-05,26865,Reviewer 1715,Host was very helpful.
49,1716,2025-12-01,37213,Reviewer 1716,Excellent location.
101,1717,2025-05-04,65954,Reviewer 1717,Not as described.
2,1718,2025-05-01,67450,Reviewer 1718,Clean and comfortable.
244,1719,2025-06-09,14477,Reviewer 1719,Would stay again.
176,1720,2026-02-03,72222,Reviewer 1720,Great place!
238,1721,2025-07-13,16533,Reviewer 1721,Disappointed with the experience.
398,1722,2026-04-11,59395,Reviewer 1722,Not as described.
59,1723,2025-10-22,33396,Reviewer 1723,Would stay again.
353,1724,2026-02-07,22755,Reviewer 1724,Great place!
99,1725,2025-07-25,10865,Reviewer 1725,Great place!
442,1726,2025-10-10,21173,Reviewer 1726,Excellent location.
359,1727,2026-04-06,68905,Reviewer 1727,Not as described.
442,1728,2025-07-03,48097,Reviewer 1728,Host was very helpful.
495,1729,2026-02-11,43371,Reviewer 1729,Host was very helpful.
435,1730,2026-04-01,21254,Reviewer 1730,Host was very helpful.
468,1731,2025-10-11,14018,Reviewer 1731,Clean and comfortable.
2,1732,2025-06-01,15192,Reviewer 1732,Would stay again.
243,1733,2026-03-16,12015,Reviewer 1733,Clean and comfortable.
297,1734,2026-04-10,78916,Reviewer 1734,Excellent location.
211,1735,2025-11-24,38343,Reviewer 1735,Clean and comfortable.
123,1736,2025-10-11,79306,Reviewer 1736,Host was very helpful.
229,1737,2025-06-14,15829,Reviewer 1737,Clean and comfortable.
82,1738,2025-08-09,44381,Reviewer 1738,Disappointed with the experience.
144,1739,2026-02-02,91081,Reviewer 1739,Host was very helpful.
388,1740,2026-04-20,28263,Reviewer 1740,Host was very helpful.
140,1741,2025-06-10,63260,Reviewer 1741,Disappointed with the experience.
29,1742,2025-08-18,53306,Reviewer 1742,Not as described.
391,1743,2025-08-26,68418,Reviewer 1743,Clean and comfortable.
270,1744,2025-11-17,10148,Reviewer 1744,Clean and comfortable.
247,1745,2025-05-14,11754,Reviewer 1745,Clean and comfortable.
12,1746,2025-07-14,36745,Reviewer 1746,Clean and comfortable.
355,1747,2026-03-18,82914,Reviewer 1747,Clean and comfortable.
389,1748,2025-10-27,65833,Reviewer 1748,Host was very helpful.
337,1749,2025-05-21,30140,Reviewer 1749,Clean and comfortable.
106,1750,2025-12-20,84907,Reviewer 1750,Great place!
32,1751,2025-07-26,70653,Reviewer 1751,Great place!
74,1752,2026-01-08,71521,Reviewer 1752,Host was very helpful.
171,1753,2025-09-23,88315,Reviewer 1753,Great place!
337,1754,2025-08-24,41075,Reviewer 1754,Great place!
69,1755,2026-02-11,40697,Reviewer 1755,Excellent location.
301,1756,2025-05-02,64544,Reviewer 1756,Would stay again.
362,1757,2025-06-02,19795,Reviewer 1757,Not as described.
137,1758,2025-10-20,74555,Reviewer 1758,Disappointed with the experience.
433,1759,2025-05-09,62204,Reviewer 1759,Not as described.
417,1760,2026-01-26,79754,Reviewer 1760,Excellent location.
484,1761,2025-12-12,74860,Reviewer 1761,Disappointed with the experience.
100,1762,2026-03-29,61529,Reviewer 1762,Great place!
146,1763,2025-08-24,21672,Reviewer 1763,Clean and comfortable.
9,1764,2025-11-19,64238,Reviewer 1764,Excellent location.
62,1765,2025-10-29,45950,Reviewer 1765,Great place!
185,1766,2025-12-24,21009,Reviewer 1766,Disappointed with the experience.
29,1767,2026-04-22,57096,Reviewer 1767,Disappointed with the experience.
381,1768,2025-07-21,29544,Reviewer 1768,Clean and comfortable.
114,1769,2025-07-01,65728,Reviewer 1769,Not as described.
462,1770,2025-12-16,39381,Reviewer 1770,Great place!
409,1771,2026-03-11,35287,Reviewer 1771,Great place!
143,1772,2025-04-24,74610,Reviewer 1772,Host was very helpful.
390,1773,2025-04-28,78122,Reviewer 1773,Disappointed with the experience.
120,1774,2026-03-01,78184,Reviewer 1774,Clean and comfortable.
170,1775,2025-07-13,50081,Reviewer 1775,Not as described.
157,1776,2025-05-04,93637,Reviewer 1776,Excellent location.
335,1777,2025-07-03,55312,Reviewer 1777,Excellent location.
349,1778,2025-07-04,97228,Reviewer 1778,Great place!
260,1779,2025-11-10,82943,Reviewer 1779,Disappointed with the experience.
82,1780,2025-08-08,92790,Reviewer 1780,Would stay again.
242,1781,2025-10-09,90770,Reviewer 1781,Disappointed with the experience.
441,1782,2025-10-29,62726,Reviewer 1782,Would stay again.
433,1783,2026-04-14,32211,Reviewer 1783,Excellent location.
172,1784,2025-11-14,39480,Reviewer 1784,Host was very helpful.
231,1785,2025-10-04,57780,Reviewer 1785,Host was very helpful.
208,1786,2025-09-23,67138,Reviewer 1786,Would stay again.
75,1787,2025-09-10,52503,Reviewer 1787,Disappointed with the experience.
270,1788,2026-01-17,67893,Reviewer 1788,Disappointed with the experience.
387,1789,2025-07-21,56193,Reviewer 1789,Clean and comfortable.
499,1790,2025-10-09,71358,Reviewer 1790,Clean and comfortable.
114,1791,2025-11-21,90857,Reviewer 1791,Clean and comfortable.
62,1792,2025-07-16,88182,Reviewer 1792,Excellent location.
362,1793,2026-04-16,32117,Reviewer 1793,Would stay again.
320,1794,2026-04-11,69056,Reviewer 1794,Excellent location.
102,1795,2026-01-07,68706,Reviewer 1795,Clean and comfortable.
429,1796,2026-02-16,80429,Reviewer 1796,Great place!
362,1797,2025-10-13,19476,Reviewer 1797,Would stay again.
210,1798,2026-04-17,92806,Reviewer 1798,Would stay again.
442,1799,2026-01-28,65006,Reviewer 1799,Great place!
255,1800,2026-03-18,97238,Reviewer 1800,Great place!
20,1801,2025-05-14,79918,Reviewer 1801,Disappointed with the experience.
58,1802,2026-03-16,73155,Reviewer 1802,Host was very helpful.
112,1803,2025-09-06,77321,Reviewer 1803,Host was very helpful.
473,1804,2026-03-09,55798,Reviewer 1804,Not as described.
313,1805,2025-09-08,87271,Reviewer 1805,Clean and comfortable.
486,1806,2025-10-17,40177,Reviewer 1806,Host was very helpful.
461,1807,2025-05-13,92215,Reviewer 1807,Disappointed with the experience.
196,1808,2026-03-31,53013,Reviewer 1808,Host was very helpful.
375,1809,2026-01-01,92600,Reviewer 1809,Would stay again.
462,1810,2025-05-23,63450,Reviewer 1810,Clean and comfortable.
353,1811,2025-05-07,57928,Reviewer 1811,Excellent location.
92,1812,2025-11-17,55382,Reviewer 1812,Great place!
52,1813,2025-10-26,95038,Reviewer 1813,Great place!
293,1814,2026-04-05,10760,Reviewer 1814,Excellent location.
8,1815,2026-04-01,34142,Reviewer 1815,Would stay again.
300,1816,2025-05-03,27290,Reviewer 1816,Not as described.
98,1817,2025-09-01,81035,Reviewer 1817,Host was very helpful.
236,1818,2025-06-13,10364,Reviewer 1818,Excellent location.
389,1819,2025-05-02,66921,Reviewer 1819,Host was very helpful.
374,1820,2025-10-19,29797,Reviewer 1820,Not as described.
69,1821,2026-03-16,42535,Reviewer 1821,Would stay again.
415,1822,2025-07-10,56300,Reviewer 1822,Great place!
45,1823,2025-05-11,57176,Reviewer 1823,Host was very helpful.
137,1824,2025-06-10,26105,Reviewer 1824,Clean and comfortable.
234,1825,2026-01-27,17939,Reviewer 1825,Clean and comfortable.
32,1826,2025-10-26,89472,Reviewer 1826,Clean and comfortable.
289,1827,2025-11-03,52029,Reviewer 1827,Disappointed with the experience.
126,1828,2025-08-08,25863,Reviewer 1828,Excellent location.
67,1829,2025-05-03,88097,Reviewer 1829,Excellent location.
30,1830,2026-01-12,20447,Reviewer 1830,Excellent location.
114,1831,2026-02-17,56940,Reviewer 1831,Great place!
204,1832,2025-06-16,87947,Reviewer 1832,Would stay again.
29,1833,2025-10-25,95001,Reviewer 1833,Host was very helpful.
131,1834,2026-01-02,29642,Reviewer 1834,Disappointed with the experience.
474,1835,2026-02-16,77643,Reviewer 1835,Disappointed with the experience.
185,1836,2026-02-28,17928,Reviewer 1836,Disappointed with the experience.
253,1837,2025-07-25,58002,Reviewer 1837,Not as described.
286,1838,2025-10-08,94853,Reviewer 1838,Disappointed with the experience.
393,1839,2025-11-21,35017,Reviewer 1839,Great place!
410,1840,2025-06-12,89064,Reviewer 1840,Disappointed with the experience.
386,1841,2025-05-06,23313,Reviewer 1841,Excellent location.
62,1842,2025-11-14,11559,Reviewer 1842,Excellent location.
3,1843,2026-03-09,60893,Reviewer 1843,Great place!
430,1844,2025-10-02,25167,Reviewer 1844,Great place!
68,1845,2026-01-21,90879,Reviewer 1845,Great place!
25,1846,2025-05-23,48598,Reviewer 1846,Not as described.
179,1847,2025-11-25,17523,Reviewer 1847,Not as described.
141,1848,2025-06-22,59777,Reviewer 1848,Host was very helpful.
231,1849,2025-11-01,38439,Reviewer 1849,Disappointed with the experience.
300,1850,2025-05-30,91060,Reviewer 1850,Great place!
163,1851,2026-02-10,23285,Reviewer 1851,Disappointed with the experience.
311,1852,2025-09-07,20973,Reviewer 1852,Disappointed with the experience.
471,1853,2025-05-08,32694,Reviewer 1853,Clean and comfortable.
393,1854,2025-07-13,45774,Reviewer 1854,Host was very helpful.
130,1855,2026-01-16,14302,Reviewer 1855,Excellent location.
445,1856,2025-09-21,32391,Reviewer 1856,Excellent location.
246,1857,2025-09-17,14611,Reviewer 1857,Would stay again.
297,1858,2025-06-18,19372,Reviewer 1858,Great place!
172,1859,2025-08-30,34312,Reviewer 1859,Not as described.
64,1860,2025-07-17,24080,Reviewer 1860,Host was very helpful.
31,1861,2026-04-14,90618,Reviewer 1861,Excellent location.
492,1862,2025-05-20,30874,Reviewer 1862,Disappointed with the experience.
47,1863,2025-09-10,72537,Reviewer 1863,Host was very helpful.
130,1864,2026-03-17,83914,Reviewer 1864,Excellent location.
352,1865,2025-07-21,11597,Reviewer 1865,Not as described.
466,1866,2025-06-23,21600,Reviewer 1866,Not as described.
333,1867,2025-05-08,13747,Reviewer 1867,Disappointed with the experience.
110,1868,2026-01-06,89415,Reviewer 1868,Disappointed with the experience.
69,1869,2026-03-27,88553,Reviewer 1869,Not as described.
58,1870,2025-12-18,34815,Reviewer 1870,Great place!
106,1871,2026-03-29,94500,Reviewer 1871,Great place!
300,1872,2025-10-04,34714,Reviewer 1872,Excellent location.
330,1873,2026-01-25,28890,Reviewer 1873,Not as described.
256,1874,2025-12-15,71509,Reviewer 1874,Not as described.
312,1875,2025-10-04,71824,Reviewer 1875,Would stay again.
171,1876,2025-05-29,14725,Reviewer 1876,Not as described.
383,1877,2026-02-09,53205,Reviewer 1877,Not as described.
473,1878,2025-10-13,30684,Reviewer 1878,Would stay again.
162,1879,2025-08-20,67911,Reviewer 1879,Would stay again.
485,1880,2026-03-09,23092,Reviewer 1880,Host was very helpful.
286,1881,2025-07-17,49770,Reviewer 1881,Great place!
71,1882,2026-01-06,35457,Reviewer 1882,Host was very helpful.
255,1883,2025-05-16,81667,Reviewer 1883,Clean and comfortable.
454,1884,2025-10-06,72894,Reviewer 1884,Great place!
374,1885,2025-08-28,71305,Reviewer 1885,Clean and comfortable.
55,1886,2025-05-22,22612,Reviewer 1886,Great place!
323,1887,2025-05-08,88627,Reviewer 1887,Would stay again.
397,1888,2026-02-20,47089,Reviewer 1888,Clean and comfortable.
3,1889,2025-12-29,62137,Reviewer 1889,Clean and comfortable.
26,1890,2025-12-28,10559,Reviewer 1890,Host was very helpful.
313,1891,2026-01-15,76249,Reviewer 1891,Would stay again.
126,1892,2025-12-02,47361,Reviewer 1892,Not as described.
408,1893,2026-01-25,90720,Reviewer 1893,Not as described.
53,1894,2026-01-26,25261,Reviewer 1894,Clean and comfortable.
198,1895,2025-07-06,30372,Reviewer 1895,Excellent location.
299,1896,2025-06-28,65355,Reviewer 1896,Great place!
188,1897,2026-04-15,67920,Reviewer 1897,Clean and comfortable.
186,1898,2025-06-25,42544,Reviewer 1898,Not as described.
305,1899,2025-08-17,10037,Reviewer 1899,Clean and comfortable.
298,1900,2026-04-16,53032,Reviewer 1900,Clean and comfortable.
204,1901,2026-02-03,88233,Reviewer 1901,Not as described.
497,1902,2025-05-28,51420,Reviewer 1902,Great place!
484,1903,2025-10-09,44600,Reviewer 1903,Would stay again.
450,1904,2026-01-17,58285,Reviewer 1904,Host was very helpful.
11,1905,2025-06-11,72008,Reviewer 1905,Not as described.
359,1906,2025-12-27,99520,Reviewer 1906,Great place!
354,1907,2025-06-10,15167,Reviewer 1907,Excellent location.
474,1908,2025-07-02,10432,Reviewer 1908,Great place!
146,1909,2026-04-17,79687,Reviewer 1909,Host was very helpful.
85,1910,2025-08-04,81947,Reviewer 1910,Great place!
100,1911,2025-12-11,60903,Reviewer 1911,Great place!
104,1912,2025-07-25,64149,Reviewer 1912,Excellent location.
436,1913,2025-06-17,97640,Reviewer 1913,Disappointed with the experience.
46,1914,2025-11-30,66768,Reviewer 1914,Excellent location.
44,1915,2025-12-05,70184,Reviewer 1915,Disappointed with the experience.
278,1916,2025-11-03,75792,Reviewer 1916,Great place!
181,1917,2025-12-28,43439,Reviewer 1917,Excellent location.
187,1918,2025-08-22,43257,Reviewer 1918,Clean and comfortable.
478,1919,2025-07-08,54674,Reviewer 1919,Great place!
114,1920,2025-07-21,61248,Reviewer 1920,Disappointed with the experience.
491,1921,2025-06-14,93602,Reviewer 1921,Great place!
255,1922,2026-01-19,55371,Reviewer 1922,Would stay again.
381,1923,2025-09-19,77996,Reviewer 1923,Excellent location.
380,1924,2026-02-06,47297,Reviewer 1924,Not as described.
30,1925,2025-06-02,64273,Reviewer 1925,Great place!
264,1926,2025-07-20,71256,Reviewer 1926,Clean and comfortable.
98,1927,2025-06-17,44743,Reviewer 1927,Clean and comfortable.
313,1928,2025-08-05,78752,Reviewer 1928,Disappointed with the experience.
367,1929,2026-02-13,89803,Reviewer 1929,Clean and comfortable.
329,1930,2026-02-04,85117,Reviewer 1930,Disappointed with the experience.
115,1931,2026-02-17,80051,Reviewer 1931,Great place!
276,1932,2026-01-02,32076,Reviewer 1932,Excellent location.
488,1933,2025-11-22,85312,Reviewer 1933,Excellent location.
281,1934,2026-04-21,97483,Reviewer 1934,Clean and comfortable.
275,1935,2026-04-05,12963,Reviewer 1935,Would stay again.
261,1936,2025-11-11,82322,Reviewer 1936,Great place!
331,1937,2026-02-23,23866,Reviewer 1937,Clean and comfortable.
207,1938,2025-10-13,42305,Reviewer 1938,Would stay again.
384,1939,2026-04-18,72403,Reviewer 1939,Would stay again.
328,1940,2025-11-26,92896,Reviewer 1940,Not as described.
211,1941,2025-09-20,42813,Reviewer 1941,Would stay again.
215,1942,2025-06-26,76729,Reviewer 1942,Host was very helpful.
411,1943,2026-04-08,70686,Reviewer 1943,Disappointed with the experience.
40,1944,2026-02-10,14512,Reviewer 1944,Clean and comfortable.
480,1945,2025-09-25,32666,Reviewer 1945,Disappointed with the experience.
26,1946,2025-12-03,26630,Reviewer 1946,Host was very helpful.
27,1947,2025-08-18,84519,Reviewer 1947,Host was very helpful.
190,1948,2025-05-06,10636,Reviewer 1948,Excellent location.
83,1949,2025-07-25,13775,Reviewer 1949,Great place!
384,1950,2025-09-22,77957,Reviewer 1950,Not as described.
434,1951,2026-03-08,74591,Reviewer 1951,Not as described.
170,1952,2025-12-06,88561,Reviewer 1952,Great place!
413,1953,2025-12-08,84816,Reviewer 1953,Host was very helpful.
167,1954,2025-06-30,21351,Reviewer 1954,Disappointed with the experience.
188,1955,2026-04-03,65184,Reviewer 1955,Host was very helpful.
169,1956,2025-10-07,79180,Reviewer 1956,Disappointed with the experience.
289,1957,2025-11-29,91678,Reviewer 1957,Disappointed with the experience.
467,1958,2025-07-10,83309,Reviewer 1958,Would stay again.
229,1959,2025-06-21,20778,Reviewer 1959,Disappointed with the experience.
467,1960,2025-12-13,22501,Reviewer 1960,Host was very helpful.
97,1961,2025-10-18,12108,Reviewer 1961,Excellent location.
367,1962,2025-12-05,46382,Reviewer 1962,Not as described.
16,1963,2025-10-16,85787,Reviewer 1963,Clean and comfortable.
279,1964,2025-12-24,33341,Reviewer 1964,Disappointed with the experience.
135,1965,2025-07-08,87214,Reviewer 1965,Disappointed with the experience.
26,1966,2026-03-22,24367,Reviewer 1966,Great place!
352,1967,2026-01-22,79868,Reviewer 1967,Great place!
12,1968,2025-11-04,22002,Reviewer 1968,Disappointed with the experience.
72,1969,2026-03-11,95820,Reviewer 1969,Disappointed with the experience.
133,1970,2025-09-17,69949,Reviewer 1970,Excellent location.
106,1971,2025-04-28,25700,Reviewer 1971,Would stay again.
220,1972,2025-05-18,89305,Reviewer 1972,Great place!
373,1973,2025-09-15,72543,Reviewer 1973,Host was very helpful.
453,1974,2026-03-08,39318,Reviewer 1974,Disappointed with the experience.
177,1975,2026-03-04,99859,Reviewer 1975,Great place!
282,1976,2025-06-22,37610,Reviewer 1976,Great place!
133,1977,2025-12-31,82499,Reviewer 1977,Host was very helpful.
22,1978,2025-10-07,83374,Reviewer 1978,Great place!
463,1979,2025-07-25,75226,Reviewer 1979,Excellent location.
269,1980,2026-02-13,55167,Reviewer 1980,Excellent location.
412,1981,2026-04-16,87779,Reviewer 1981,Not as described.
161,1982,2025-08-01,37939,Reviewer 1982,Clean and comfortable.
107,1983,2026-02-22,71365,Reviewer 1983,Clean and comfortable.
279,1984,2025-12-30,77381,Reviewer 1984,Would stay again.
353,1985,2025-06-09,56710,Reviewer 1985,Disappointed with the experience.
235,1986,2025-05-29,26766,Reviewer 1986,Host was very helpful.
18,1987,2026-04-07,22780,Reviewer 1987,Great place!
242,1988,2025-08-25,58458,Reviewer 1988,Not as described.
117,1989,2025-06-15,66221,Reviewer 1989,Excellent location.
286,1990,2025-12-22,11509,Reviewer 1990,Clean and comfortable.
282,1991,2025-08-13,99493,Reviewer 1991,Disappointed with the experience.
144,1992,2026-02-18,44346,Reviewer 1992,Would stay again.
205,1993,2025-07-03,92799,Reviewer 1993,Excellent location.
39,1994,2025-11-18,56874,Reviewer 1994,Disappointed with the experience.
417,1995,2025-11-13,36148,Reviewer 1995,Clean and comfortable.
154,1996,2026-03-15,41533,Reviewer 1996,Host was very helpful.
176,1997,2025-12-23,88467,Reviewer 1997,Host was very helpful.
449,1998,2026-01-01,11359,Reviewer 1998,Would stay again.
241,1999,2025-12-23,70313,Reviewer 1999,Host was very helpful.
422,2000,2026-01-08,30344,Reviewer 2000,Would stay again.
